indiana	140
need	84
know	53
what	219
the	1104
laws	9
says	17
about	75
auto	6
diminution	1
value	8
claim	21
how	152
calculate	1
wanting	4
avoid	5
court	104
sons	7
girlfriend	12
recently	14
moved	14
out	113
her	128
parents	14
house	89
shes	8
without	46
having	17
can	397
she	129
get	150
dog	9
back	54
from	135
who	64
are	117
refusing	6
give	16
has	135
few	13
vet	4
bills	7
and	766
some	30
prize	2
ribbons	2
won	3
please	18
help	41
why	25
amendment	6
important	3
female	3
well	9
looking	15
have	352
baby	13
together	11
via	2
insemination	1
will	122
any	86
rights	38
said	39
child	76
would	79
able	16
adopt	7
understand	3
anti	1
gay	2
but	111
does	91
that	296
believe	10
just	58
for	530
marriage	15
husband	63
being	56
charged	26
with	227
class	15
felony	17
theft	7
didnt	34
actually	8
take	62
anything	44
his	114
friend	26
supposedly	1
got	40
permission	12
bunch	3
scrap	5
metal	4
burnt	2
down	11
abandoned	2
neighbors	9
this	156
called	12
police	25
them	62
buddy	1
took	24
off	21
before	46
showed	8
leaving	6
high	3
dry	1
punishment	2
not	181
knowing	3
because	44
noone	3
could	27
locate	1
home	72
owners	5
now	90
jail	26
faced	1
charge	16
leave	29
truck	5
everything	2
had	128
put	32
while	31
were	65
there	115
they	178
still	45
him	96
definition	2
evading	1
misdemeanoror	1
employer	10
required	8
reimburse	1
employee	2
mileage	1
personal	11
vehicles	4
used	12
business	23
purposes	3
happen	11
offense	6
shoplifting	2
criminal	14
record	11
paying	15
bond	5
hello	2
sorry	2
walked	1
away	13
corporation	3
year	61
was	258
flat	4
broke	11
personally	1
liable	4
all	64
taxes	13
sales	3
tax	11
income	14
withholding	4
etc	8
did	30
file	76
dissolution	3
either	6
its	17
been	106
years	84
received	27
call	7
amnesty	1
retired	2
live	28
per	8
month	13
proud	1
dont	45
going	31
pay	62
thousands	1
dollars	2
company	38
welding	1
pool	3
cover	7
fabrics	1
propr	1
ventalation	1
poising	1
compensation	3
isnt	5
true	5
search	13
warrant	11
filed	59
prior	15
execution	2
raided	2
renter	1
ask	13
see	20
upon	6
entry	4
notice	13
things	11
stamp	2
judge	25
theres	4
signature	4
only	26
detective	2
discovery	1
appears	2
two	30
accompanied	1
filing	19
dated	4
same	31
day	18
wasnt	7
present	7
original	6
legal	38
bankrupsy	1
supposed	7
find	37
outwhen	1
receive	6
male	2
son	54
mother	24
restraining	3
order	43
against	27
pushing	1
custody	29
seperated	3
finished	4
divorce	71
yet	5
lived	8
lawyer	53
found	35
stepson	2
may	8
belong	2
support	44
after	64
husbands	7
told	40
father	34
their	43
yrs	24
admits	1
probably	2
sign	19
paternity	9
acknowledgement	1
even	17
thought	6
lied	9
office	23
place	18
otherr	1
partys	1
name	62
address	5
doesnt	14
parent	22
leaves	4
old	44
family	23
friends	11
months	34
abusive	2
decides	4
want	56
deal	8
almost	13
daughter	26
instead	8
putting	7
foster	2
care	16
sort	3
facility	2
again	8
possible	16
try	2
guardianship	11
girl	11
signing	7
since	23
refuse	6
afraid	1
lose	3
food	3
stamps	1
enlarging	1
time	62
object	1
discharge	4
six	1
different	10
caseshow	1
much	18
cost	11
sent	10
copyright	29
application	22
which	19
state	65
born	7
delete	1
public	7
bankuptcy	1
trustee	10
cease	2
long	34
property	52
tort	1
claims	6
sentence	8
example	3
kind	9
sentencing	1
sheet	2
prisoner	4
civil	13
county	18
recieving	1
medical	13
attention	2
southern	2
district	6
formats	1
one	48
other	48
prison	6
use	20
addition	2
where	46
must	10
check	9
little	5
boxes	1
finally	6
form	16
service	11
forms	6
protocall	3
serve	3
defendants	2
provides	1
started	10
sell	32
invention	16
sep	3
patent	55
december	3
foreign	2
patents	4
asked	17
scrapping	1
collecting	1
taking	10
yard	3
money	42
drove	4
claimed	3
loading	1
into	41
shortly	2
stealing	3
illegally	5
went	15
like	37
idea	15
doing	11
asking	1
someones	2
advice	4
should	39
anyway	3
admit	2
lying	3
tell	5
someone	30
soon	9
thanks	9
pending	13
case	63
thefts	1
ommitted	1
drug	10
habit	1
rehab	1
option	2
doc	2
history	5
steps	8
taken	13
cops	2
send	5
under	12
cop	8
date	19
trouble	13
illegal	11
woman	3
sexual	14
relationship	3
wont	19
let	17
kids	46
hire	7
cleared	4
bank	8
account	16
written	15
agreement	27
visiting	2
children	40
early	2
work	56
mom	15
watching	2
stay	9
followed	10
around	9
yelling	2
fighting	4
our	71
nice	3
apartment	4
primary	2
caregiver	2
tearing	2
inside	3
own	29
website	14
domain	7
holder	2
part	8
owns	1
right	21
profit	1
site	3
over	49
majority	2
brother	8
living	25
moms	3
passed	8
title	15
legally	18
here	24
ours	3
action	19
suit	13
license	14
backed	3
constitution	3
united	7
states	20
america	5
quit	5
granting	1
continuances	1
attorney	41
expedition	1
supreme	1
wrong	9
ruleing	1
regarding	5
intox	1
travel	6
fake	1
signatures	1
during	19
judicial	2
proceedings	2
employees	4
designed	5
great	12
logo	5
safe	10
extra	5
piece	6
becomes	2
theirs	1
survey	2
realtor	1
line	9
guessed	1
when	70
first	23
lines	3
showing	2
view	1
assessors	1
page	1
planted	1
plants	1
uphold	1
guardinship	1
ruling	2
another	22
owned	8
married	36
add	4
deed	11
wants	36
move	18
miles	2
mail	3
bankruptcy	54
petition	10
however	11
deceased	20
minor	11
childr	1
entitled	10
share	12
estate	10
himself	5
househe	1
kinds	2
emmotionally	1
abused	5
many	10
health	5
problems	2
awaiting	3
disability	5
cant	19
getting	23
desperate	1
inequitable	2
conduct	9
defense	2
infringement	9
litigation	3
constitutes	2
strong	2
armed	1
robbery	1
owi	2
ago	41
ive	12
others	9
misdemeanors	1
spread	2
far	4
apart	1
within	4
frame	2
last	20
hso	1
htv	1
saying	21
licsence	1
arrest	9
lease	14
trying	17
buy	11
you	81
begin	2
relevent	1
law	38
particular	1
issue	9
register	8
trademark	32
valid	7
authority	2
assign	2
mortgage	17
loan	15
remic	1
parole	7
probation	31
ussually	1
run	2
violation	6
appropriation	1
publish	3
book	3
using	15
pen	5
celebrities	2
think	7
then	33
matter	3
your	21
exists	3
names	7
very	19
commonly	1
follow	3
question	11
misspelling	1
john	5
doe	5
famous	8
actor	2
actions	4
johnathan	1
expand	1
absurdity	1
grounds	7
publicity	3
novel	4
wouldnt	2
changed	4
past	10
due	26
partner	3
llc	8
also	36
failing	2
coerce	1
unanimous	1
consent	6
resolutions	1
stating	12
authorize	1
trade	4
farmland	1
tract	1
plus	3
consulted	1
tracts	4
agreed	10
purchased	7
committing	1
purchase	6
fine	1
joint	5
responds	1
stop	16
closed	4
expecting	1
member	5
agree	3
show	18
adjust	3
make	39
say	14
gives	2
set	10
fees	14
attorneys	3
star	3
named	7
five	6
divorced	14
somebody	3
else	5
pregnant	7
sheriffs	2
sale	8
bids	1
made	25
resulting	1
retained	2
deutsche	2
options	6
reinstating	1
re-obtaining	1
seen	4
copy	5
note	2
writing	1
judgment	12
documents	5
registered	3
ameriquest	1
securities	1
inc	4
asset-backed	1
pass	3
through	14
certificates	1
forclosure	4
giving	2
waiver	5
ahead	2
start	5
small	14
party	11
selling	2
replica	1
purses	4
tradmark	1
real	10
brand	3
sure	7
heard	7
sorts	1
rumors	1
starting	1
homes	4
replicas	3
knock	2
offs	2
inventory	1
brands	1
notify	4
people	9
arent	2
investigation	3
teams	1
amounts	1
look	7
big	1
stores	2
boyfriend	11
sex	8
talking	2
knew	6
came	11
forward	4
feelings	4
forth	4
strict	5
rules	7
already	11
alone	10
contact	14
learned	5
later	16
sneaking	5
online	9
schooled	2
became	6
intimate	2
relation	2
car	49
involved	9
failure	5
provide	9
supervision	3
gone	6
attend	5
school	23
coming	7
refuses	4
internet	4
left	28
knowledge	6
broken	4
lawful	1
permanent	5
residents	1
vote	3
local	4
elections	1
exspouse	1
files	6
relative	1
done	17
harley	3
paid	23
paymets	1
poblems	1
payment	19
scheduled	1
increase	2
once	3
motion	8
contempt	8
parenting	6
visitation	9
orderfew	2
days	27
response	3
petitioner	3
x-wifey	2
violated	6
punished	2
fault	9
lawsuit	14
donalds	2
break	7
septic	1
system	5
code	5
sue	17
built	2
contacted	6
issues	8
decree	4
finalized	4
status	15
assume	7
debt	35
chapt	4
uncontested	3
settlement	16
split	7
cannot	12
painful	2
volitile	2
situation	8
protective	5
issued	4
further	3
most	9
job	29
way	22
arrested	9
misdemeaner	2
hope	2
information	22
content	2
added	4
january	2
thank	12
answer	4
confirmation	2
stated	7
assisted	2
fair	5
manner	3
appreciate	4
iss	1
childrens	2
staff	2
fired	5
southbend	2
relatioship	1
more	17
too	15
wealthy	1
enough	6
supply	1
evidence	7
condemn	1
unconstitutional	2
intestate	7
taxable	4
alabama	2
amount	13
renew	4
registration	8
owed	7
prevent	7
renewing	1
saw	7
innovatiive	2
machine	2
germany	2
nothing	14
creditor	6
accept	3
partial	1
demands	1
full	11
recourse	10
charges	23
individual	5
spreading	4
lies	5
constantly	2
indianapolis	6
intimately	2
seldom	2
guy	10
jealous	2
nut	2
women	3
hiv	2
straw	2
confronted	2
predictably	2
denied	8
ever	6
whom	8
mentioned	5
beginning	6
text	5
informed	10
today	5
bathroom	2
aids	2
e-mailed	2
next	11
neither	4
std	2
remedy	2
something	14
guidance	3
half	10
pension	7
really	14
wait	4
until	18
retires	2
custodial	7
intentions	1
drawing	1
count	1
unemployment	4
person	57
seprated	1
program	4
close	4
helps	1
establish	2
residency	2
determined	4
established	5
paternal	2
grandmother	2
unclaimed	1
finding	4
four	5
college	3
students	2
highway	2
speed	4
traffic	3
accident	17
nights	1
contained	2
questions	5
chapter	14
seller	7
completed	6
repairs	4
recommended	1
inspector	1
sellers	1
buyer	10
specific	2
earnest	1
applying	2
alcohol	2
server	3
permit	3
plot	3
james	3
movie	3
write	12
sued	23
held	8
harmless	2
credit	22
card	18
week	18
dischargeable	1
settle	12
signed	16
papers	21
mediation	2
tree	3
fell	4
pays	4
remove	6
dispose	2
properly	4
ending	2
marrage	2
homeless	6
protect	9
clothing	1
copycat	1
hardship	3
hit	4
driver	10
ran	3
red	3
light	2
insu	1
request	3
handled	1
courts	9
owner	27
injured	1
conversion	1
regardiing	1
conviction	4
likelyhood	1
success	1
product	4
england	2
requested	1
refund	9
hasnt	3
shown	1
rude	1
responses	1
tried	6
thats	5
thing	5
likely	1
cased	1
missing	2
exercising	2
fmla	2
eventually	2
terminated	7
employed	2
above	3
average	2
perforamnce	2
evaluations	2
promotions	2
feel	10
targeted	2
termination	4
incident	3
earlier	3
supervisors	3
head	4
report	14
harassment	2
complaint	3
department	4
led	2
disciplinary	3
never	34
employment	7
disciplined	2
included	3
false	5
statements	4
coerced	2
submitted	3
rebuttal	2
following	4
judges	5
decision	3
appeal	4
benefits	9
hearing	10
professional	2
reputation	7
assassinated	2
rectify	2
discipline	3
flma	2
hud	1
renters	2
seven	1
torched	1
fire	2
chief	1
lock	1
lighters	1
vehicle	12
domistic	2
battery	8
come	22
bonds	2
records	4
hes	10
immigration	12
cause	5
hold	5
ice	2
force	10
rent	8
laptops	1
student	12
keeps	3
lapt	1
foreclosed	1
owe	11
means	2
afford	8
priced	1
domestic	9
dispute	2
lieutenant	2
louisville	2
metro	2
dept	3
corrections	2
evicted	3
identy	2
thef	1
stole	4
recommend	3
deaf	2
submit	4
cross	5
examination	2
invented	3
toilet	2
automatic	3
exhaust	2
fan	3
goes	8
sit	2
patentable	2
apply	9
fee	3
magazine	1
fag	1
good	16
actual	4
washout	1
period	5
comes	1
drunk	1
driving	6
flied	1
mortage	1
judgement	5
entered	1
served	11
given	4
reside	1
second	6
wife	23
eligible	1
social	8
security	11
dealership	1
emissions	1
difference	7
between	10
mark	6
middle	4
finger	3
obeying	1
current	4
times	7
comply	1
miss	1
emails	6
override	2
fact	4
verbal	5
several	9
discussing	4
change	10
signs	1
nearly	2
re-file	1
finalize	2
hand	5
death	10
certificate	7
gets	4
innocent	2
murder	2
walks	1
confess	2
shows	1
picture	3
visting	1
station	4
fox	1
perform	1
song	1
band	3
turn	8
federal	8
return	14
paper	9
pliantiff	1
respond	2
overturn	1
cousin	3
adopted	7
grandkids	2
adopting	1
elementary	1
unforeseen	1
reasons	3
longer	11
these	10
biological	3
gave	4
besides	1
wanted	9
new	23
recipe	5
barbeque	5
sauce	5
cash	5
appraises	1
price	2
bound	2
separated	3
havent	3
keep	15
results	1
cases	7
virginia	1
threats	3
weeks	10
christmas	2
honestly	4
sept	3
yes	2
happy	2
greatly	2
physically	4
rental	5
drive	4
summons	2
publication	1
pulled	5
ounces	1
method	1
opana	1
pills	3
assault	2
rifle	1
convicted	6
level	3
supervised	6
access	3
firearms	1
dui	3
endangerment	2
plead	3
guilty	8
single	4
senior	2
sosial	1
payoff	1
balance	3
approximatly	1
larger	1
interst	1
late	6
collectors	1
demand	1
federala	2
appellate	2
published	3
opinion	3
known	2
insulted	2
caste	2
punish	1
always	5
torture	1
builder	1
insurance	21
tobeing	1
incorporated	1
injuredhe	1
subcontractor	1
ido	1
corp	3
approval	2
equal	1
shares	1
sports	1
bar	4
approved	5
medicaid	1
ssdi	1
resolve	1
cashier	1
gas	2
argument	3
poor	1
customer	3
escalated	1
threatening	6
fight	6
parking	3
lot	9
manager	2
both	21
shopping	1
grocery	2
store	12
herself	4
taunt	1
stopped	3
minutes	4
continued	5
harass	3
talked	4
replied	3
hired	3
roof	7
working	13
roofing	1
decided	6
side	4
rook	1
room	5
ruined	1
leaked	1
adjustor	1
installed	5
spoke	3
payments	15
needed	9
collect	2
verbally	1
struck	2
stoped	1
road	3
suspended	4
payout	1
totaled	3
hospital	16
open	5
fix	4
letter	6
officer	12
maybe	3
controlled	2
substance	2
brought	4
possession	6
paraphernalia	1
whole	4
trial	4
absolve	4
co-signed	3
landing	2
representation	2
entire	4
laid	2
solely	2
myself	9
september	3
intitled	3
mistress	1
psych	1
trauma	1
alienation	1
affection	1
abortion	1
pts	1
result	3
hours	4
bi-wkly	1
instd	1
withholdings	1
breech	1
contract	26
sold	9
claiming	7
propertyand	1
co-signor	2
offered	7
demanded	1
suing	5
parties	4
appointed	1
representative	1
hamilton	1
died	4
reasonable	4
royalty	2
licensing	2
texas	2
johnson	1
emotional	3
distress	2
neglecting	1
helping	4
wifes	1
suffered	1
constant	2
caused	4
attempts	1
finically	1
supports	1
bangkok	1
thailand	1
usa	4
ourselves	1
refused	5
arrives	1
needs	5
pregnancy	3
endangered	1
causing	4
wor	1
suffer	1
levels	1
stress	2
probabtion	1
fort	1
wayne	2
test	6
yesterday	2
lost	7
poker	1
game	1
every	11
dollar	2
terms	7
applied	7
mean	8
disclose	1
financial	5
qualify	4
buys	1
expensive	1
withhold	1
proceeding	1
completing	1
community	4
abuse	7
classes	2
church	13
van	7
fast	9
busted	6
nose	8
braking	2
sudden	2
braked	3
hitting	2
window	3
bled	5
min	5
bleed	2
night	4
nosebleeds	2
concussion	6
consumption	1
army	1
picks	1
spring	1
ticketed	1
designated	1
straight	2
drinking	2
country	12
freedom	2
beers	1
risk	2
losing	3
seat	1
collection	7
parental	5
incorporate	2
marry	1
according	6
wish	1
offence	1
hitch-hiking	1
obtain	3
chronological	1
summary	1
ruled	1
favor	2
costs	2
interest	17
services	4
approximately	2
receiving	2
bill	6
less	4
than	8
representing	1
alleging	1
housed	1
fed	1
cooking	1
cleaning	1
maint	1
worthless	1
three	12
prosecutor	3
chargers	2
happened	6
contents	6
include	2
commercial	1
photographs	1
couple	3
such	8
spouse	12
decide	1
approve	3
offer	5
fence	8
placement	2
meets	1
farm	2
field	3
placed	5
set-off	1
originally	2
removed	5
land	5
surveyed	1
stakes	1
trees	2
kepted	1
row	1
mowed	1
mows	1
twice	2
responsible	6
iowa	1
merrid	1
donig	1
scrooge	1
allow	8
tel	1
model	2
cars	4
based	6
rate	1
percent	1
settled	1
organizations	2
assist	2
developing	2
marketing	2
modifacation	1
buyers	2
recieved	7
black	1
white	2
jury	2
peers	1
buying	5
placing	2
trust	11
closing	3
list	7
warranty	6
ordered	10
enforce	1
utilities	1
final	5
equity	1
tied	2
umarried	1
bought	2
passes	1
spouses	1
visa	15
dad	8
citizen	9
process	5
allowing	2
folk	1
occupy	1
jointly-held	1
free	10
inherited	2
nephew	2
credit-worthy	1
joint-owner	1
grandsons	2
seeing	3
proper	1
remuneeration	1
part-owner	1
thinking	2
obstinate	1
effectively	1
denying	1
benefit	1
inheritance	2
thinks	1
hands	2
garage	5
avoided	1
declared	2
*reallly*	1
felt	1
pushed	1
empty	2
clean	2
unwisely	1
publicly	2
neighbor	7
seemed	1
sincere	1
mowing	1
listed	3
unsecured	1
revoke	2
require	2
dishonest	1
vacate	2
disabled	4
widow	1
prefer	2
confrontation	1
labor	2
standard	5
act	8
spent	2
fixing	1
continue	5
financially	2
ground	1
misdomenors	1
effort	2
decions	1
recomemded	1
dcs	4
dismissed	5
type	6
handle	5
misconduct	1
substantiated	2
girls	1
testimony	2
clearing	1
default	4
release	5
stepmom	1
contesting	1
adoption	3
template	1
testament	1
marion	3
prepare	1
allowed	7
short	8
vacation	6
michigan	1
similar	5
across	1
border	1
elegible	1
citizenship	1
resident	3
feb	1
petitioned	2
interview	3
agent	5
become	8
mistake	1
grand	1
percentage	1
indited	1
intervene	1
cps	7
falsely	1
unemployed	3
requirements	3
monster	1
totally	1
completely	2
shut	1
life	8
though	5
neglected	1
unfit	2
incapable	1
caring	1
exist	2
elements	1
fraud	1
former	5
untrue	4
defamation	7
granted	6
stand	1
notified	2
worked	2
roofers	1
union	2
seasonal	1
steal	1
previous	4
accusations	1
ipad	5
mini	3
video	1
camera	1
footage	1
removing	1
downstairs	2
stockroom	1
log	1
companies	8
internal	1
apps	2
handheld	1
device	1
devices	1
task	1
anyways	2
stockrooms	1
forgot	2
apparently	1
loss	2
prevention	1
chat	1
meeting	5
lung	1
cancer	2
constructive	1
religious	3
exhusband	4
recalculate	1
remarried	1
seroquel	1
legislators	2
power	1
religion	2
attended	1
topic	1
hjrat	1
hjr	2
legistlators	1
comment	2
whether	1
proposition	1
voted	1
god	1
humans	1
populate	1
those	4
morals	1
confused	1
making	4
clear	5
voting	1
standpoint	1
thomas	1
jefferson	1
contemplate	1
sovereign	1
reverence	1
american	2
legislature	1
respecting	1
establishment	1
prohibiting	1
exercise	1
thereof	1
thus	2
building	8
wall	3
separation	3
responsabilities	1
guardian	2
inlightment	1
advocate	1
by>	1
nephews	2
sister	14
plz	1
reply	3
stuck	3
breach	3
empl	1
acceptable	1
dragging	1
feet	1
whats	4
past-employer	1
operates	1
event	3
story	3
counsel	3
seems	1
responding	1
slowly	1
confidentiality	1
timeline	1
statute	8
best	9
practice	3
bad	5
mouthing	1
repaired	1
considerably	1
repair	4
acting	1
communication	1
checked	1
parts	4
ripped	1
attempt	1
threat	1
shop	3
works	2
closely	1
warsaw	1
boat	5
suggested	1
wrote	4
interested	2
mechanical	2
fixtures	2
chinese	4
supplier	4
cheaper	2
products	5
identical	2
ones	3
switch	2
pro	8
owes	4
belize	4
belizean	2
arrived	3
caribbean	2
currently	6
risking	2
thrown	3
better	3
items	2
pictures	9
collective	2
membership	2
subject	3
advantage	4
proof	7
cheated	1
allimony	1
adualtry	1
rephrase	1
dismiss	1
defendent	2
occupants	1
vacant	1
dismissal	2
respondent	2
commission	1
number	5
witness	8
subpoena	1
violence	7
happens	4
forced	5
faces	1
misdemeanor	4
statistically	1
defenses	2
available	5
accused	4
prosecutors	3
shoplifted	2
item	5
determine	2
forfeiture	4
valued	1
excess	1
shoplifter	2
worth	5
arrive	2
exceeds	1
justify	1
bringing	2
explains	1
fiel	1
ex-wife	2
anyone	8
costa	4
rica	4
vacations	2
communicated	2
advance	5
enjoying	2
plans	2
minute	2
planning	3
breaking	3
assure	2
fiance	1
cavity	1
indeed	1
debts	3
large	3
industry	2
bogus	2
beneficiary	2
plumber	1
plumbers	1
billed	1
numerous	1
indianas	1
equivalent	1
section	1
mine	3
feeding	1
feed	1
visit	4
suffering	2
stage	1
alzheimers	1
procedure	1
database	2
asign	4
tenn	2
dba	2
grady	2
cont	2
north	3
box	3
kendallville	2
asigian	2
susscesser	2
lots	3
ten	4
staying	3
exclusively	1
basically	2
reversed	1
music	1
incapacitation	1
claimants	1
carrier	1
shorting	1
yield	1
path	1
broad	1
sided	1
chev	1
silverado	1
replacement	1
higher	1
obligated	1
replace	2
returning	3
debtor	3
retiring	1
capital	1
increased	2
patenting	1
non-cus	1
schedule	4
insisting	1
fall	1
thia	1
arguing	1
problem	5
began	1
regular	3
lives	3
disappeared	1
concern	2
veru	1
disruptive	1
disruption	1
routine	1
clarify	1
proove	1
qualifies	2
moped	1
exact	1
screen	1
crime	7
aware	1
convected	1
resended	1
supended	1
resentenced	1
agreeement	1
substantiation	1
doctors	1
extreme	1
dropped	6
clark	1
childsupport	1
scott	1
kid	2
advise	2
hospice	1
barely	2
ins	1
burial	1
assets	6
visitors	1
end	4
canada	1
tells	4
acquisitions	1
slander	12
vandalized	1
persons	5
press	3
hurt	3
benifit	2
holding	1
negligent	1
deadline	2
meet	4
openly	1
admitted	3
along	2
seek	2
rather	1
wages	6
pain	3
mess	2
decietfullness	1
minimum	1
s-corp	1
pick	3
personnally	1
email	3
reason	4
injury	7
furnishes	4
ideas	2
employs	2
testing	2
jointly	2
step-parent	1
prevailing	1
raising	2
oldest	3
handicap	1
grandchildren	4
continually	2
workmans	2
comp	1
denies	2
toward	3
double	1
jeopardy	1
productions	1
piracy	1
represented	4
steele	1
firm	3
terminate	1
poa	1
bother	1
xwife	1
pretrial	1
victim	1
wrongful	1
character	2
penned	1
phrase	1
reclaiming	1
animal	2
owing	3
agency	7
nor	6
letters	3
phone	7
calls	4
assuming	3
needless	3
plaintiff	7
reckless	1
homocide	1
prosecute	1
counterfeit	1
leagl	2
limitations	5
residence	3
correct	5
looked	1
birth	5
provisional	3
non-provisional	3
block	1
funds	2
cds	1
belonging	3
maiden	1
devorse	2
iit	1
race	1
mufflers	1
sound	2
muffler	1
affect	1
bartnicki	1
vopper	1
wikileaks	1
non	9
providing	2
adequate	1
heat	2
felonies	3
summoned	2
appear	4
initial	2
delinquency	2
fta	1
misdameanor	1
treatment	3
recovery	3
caught	2
delinquent	2
adult	1
join	2
military	1
ruining	1
chances	1
hurting	1
prescribed	1
medication	1
devise	2
estae	2
aunts	2
uncle	2
tennants	2
common	2
each	12
third	8
uncles	3
divide	2
aunt	6
succession	2
brothers	7
concerns	2
represents	2
dads	2
fathers	5
disclaims	2
disclaimed	2
everyone	1
damage	2
rear	1
passenger	1
burglary	2
expunged	2
unoccupied	1
summer	3
worried	3
degree	3
possibly	3
reaches	3
constrution	2
becuause	2
competitive	2
websites	2
drs	1
contacting	2
bactermia	1
blood	1
poisioning	1
gall	1
bladder	1
sick	1
tests	2
prob	1
intestional	1
parapalegic	1
handicapped	1
water	1
sat	1
legs	1
balooned	1
septis	1
bobby	1
ignored	1
escape	1
quickly	1
merchant	4
coke	1
mcdonalds	1
lady	2
soft	1
drink	2
restaurant	7
ill	4
implied	1
merchantability	1
curious	1
manufactured	1
georgia	1
ann	1
resources	1
thesis	1
policy	5
stonebridge	1
advised	2
bono	4
presence	2
documented	1
attacker	1
wear	2
mask	1
prototype	2
defendant	2
lyrics	1
songs	1
article--is	1
fixed	1
words	3
quote	1
countries	2
returned	3
bearing	2
wouldve	1
loud	1
noise	1
dealer	1
tires	1
worn	1
inspected	1
wheels	1
progressively	1
worse	1
filled	2
complex	1
discharged	4
eviction	2
anti-terrorism	2
effective	2
penalty	2
foreclose	2
error	2
coram	2
nobis	2
relief	2
slapped	1
eye	1
socket	1
seperately	2
trademarks	4
re-evaluated	2
young	2
urban	1
boy	2
unfortunately	1
sum	2
garnished	2
paycheck	1
busboy	1
ordere	1
direction	1
sub-chapter	1
annual	1
kept	6
binder	1
doctor	4
expertise	2
libel	8
position	2
unofficial	1
provided	3
formal	1
statement	3
personnel	1
corrective	1
plan	4
initiated	1
correspondence	1
damaging	1
uninvolved	1
outside	3
direct	1
administrative	1
clinical	1
reported	1
engaged	1
gossip	1
reportedly	1
solicited	1
meetings	2
subordinates	1
referred	1
�dirt	1
preliminary	4
impact	1
morgage	2
malpractice	1
seperate	1
weed	2
irrevocable	1
pro-se	1
award	1
sought	1
transferred	2
landlord	6
owner--his	1
charitable	1
remainder	1
unitrust	1
trustees	1
charity	1
remainderman	1
among	1
landlords	1
lack	2
standing	1
bring	6
non-laywer	1
references	1
corporations	4
partnerships	1
llcs	1
possession--i	1
specified	1
ejectment	1
damages	1
faith	1
willing	1
spend	2
seeking	1
simple	2
practices	1
acidents	1
mobile	2
cancel	1
moving	4
term	1
exemption	2
contingent	4
okay	1
fianc�	1
ored	1
oclock	1
hrs	2
faster	1
requlations	1
priviate	1
wage	4
affects	1
reconsider	1
dealing	2
capacity	1
mentally	1
impaired	1
contracts	2
lawyers	1
schenkvs	1
untied	1
agreements	4
passing	1
responsibility	2
afterwords	1
amiable	1
solution	1
ado	1
bancruptcy	1
massiah	4
affair	3
clearly	3
destruction	1
potentially	1
exculpatory	1
pressured	1
substances	1
informant	2
separate	5
occasions	1
instance	1
bullied	1
prosecution	2
despite	1
repeated	1
entreaties	1
digital	1
recording	3
chip	1
reused	1
disc	1
transaction	2
passages	1
alarmed	1
behaving	1
erratic	1
maintains	1
alleged	2
driveway	1
cut	5
unmarried	1
keeping	1
houses	1
stalling	1
molester	2
lifetime	1
year-old	3
enter	2
swimming	1
mental	2
illness	2
deduct	1
lunch	2
rarely	1
offender	5
custom	1
guitar	1
speaker	2
cabinet	3
takes	1
quite	2
hard	5
grn	1
mon	1
citizenthey	1
declined	1
green	3
embassy	1
complete	2
qualified	1
automatically	3
upgraded	1
deeds	1
liens	1
admissibility	2
multiple	1
entries	1
remained	1
detained	2
print	1
didn�t	1
effect	1
april	4
departure	2
reentry	1
mexico	5
we�ve	1
can�t	1
imagine	1
relinquish	1
voluntary	1
boys	2
haiti	1
girlfriends	1
txting	1
calling	2
june	3
spamed	1
txt	1
bet	1
messages	4
sentanced	1
prosercutor	1
boss	3
struggling	2
sentance	1
violate	2
druggy	1
hanging	1
shoplift	1
walmart	2
endless	1
loop	1
daily	1
diffrence	1
sou	1
attached	1
lien	1
deeded	1
lender	1
begins	1
garnish	3
tjhe	1
ninety	1
suspension	1
faxed	1
november	1
paperwork	3
dearborn	1
trademarked	5
triuble	1
man	5
kisses	1
workers�	1
covers	1
injuries	1
arisingout	1
course	1
cervical	1
spine	1
surgery	1
handbook	1
arraign	1
thougths	1
uscis	2
thoughts	1
rfe	1
california	1
center	2
oct	2
till	3
raised	2
inquiry	2
processing	1
answered	3
adjudication	1
adjudicated	1
accurate	1
estimate	1
modification	4
confusing	1
deported	1
juat	1
woundering	1
habitual	1
ind	1
overturned	1
bevfree	1
jersey	1
iam	1
hip	2
replaced	2
nov	1
dnr	3
woke	1
icu	1
operation	1
inf	1
fill	2
reached	1
quiet	1
superior	1
circuit	3
details	3
yourre	1
hiring	1
pcr	1
felon	3
body	1
armor	1
wrongfully	2
marijuana	3
duringdrugs	1
babys	1
positive	1
swabs	1
missed	4
caseworker	1
unexpected	1
complying	2
temp	1
whet	1
finish	1
whatever	1
sense	2
deliquent	1
cited	1
inquired	1
compliant	2
sanctioned	1
inform	1
unable	2
welfare	1
definately	1
headache	1
navigate	1
opened	1
childs	3
telling	4
filling	2
spending	1
asks	2
client	2
answers	1
considered	2
towns	1
codes	1
pigeon	2
fowl	2
divided	1
siblings	2
nieces	1
constitutions	1
fourth	1
incorporation	1
doctrine	1
florida	5
drivers	2
slams	1
breaks	1
front	5
redlight	1
onto	1
pics	1
exchanges	1
info	3
safer	1
guys	1
ticket	1
university	1
collections	4
dfc	1
jennings	1
dating	1
dosnt	1
contest	1
dentist	1
shift	1
drinks	2
heavily	1
visits	4
violent	2
killed	2
dirt	1
bike	1
schools	1
daycare	2
resedental	1
area	3
niebors	1
compete	3
invalid	2
posting	1
facebook	6
autism	1
monetary	1
meth	2
addict	1
changing	1
locks	1
notarized	2
assigned	1
grandparents	2
gaurdianshipwhich	1
hardware	1
sponsor	5
sole	1
factors	1
might	4
consider	1
determining	1
constitutionality	1
ordinance	1
envelope	2
forgery	1
aws	1
complications	1
inal	1
visitations	1
wanna	3
revoked	1
sentenced	3
arrestand	1
kneecap	1
bracelet	1
roord	1
knee	1
wondering	4
suicide	2
suicidal	1
listen	1
counselor	2
doubts	1
attempted	3
speak	3
detectives	1
findings	2
nursing	3
bankruptsy	1
assistance	1
defemation	1
city	2
post	3
radio	1
leagally	1
lawfully	1
dogs	6
leads	3
garnishment	3
considering	1
prosecuting	1
occurred	1
childhood	2
journals	1
ages	1
documenting	1
acts	3
drawings	1
members	1
teachers	1
suspected	1
prove	4
secret	1
pressing	1
closure	1
guilt	1
accusing	1
reporting	2
intimidating	1
convincing	1
connections	1
journal	1
word	1
suspicious	1
win	1
possibility	1
falso	1
necessary	2
separted	1
boyfriends	1
fiances	1
comcast	3
subpoenaed	1
proceed	1
acres	1
mortgages	1
lieu	1
treated	2
fairly	1
laporte	1
wen	2
canceled	1
therethis	1
resumed	1
talk	2
supervisor	1
declinedi	1
upset	1
stormed	1
stranded	1
unauthorizly	1
providers	1
mammograms	1
benificiary	1
revocable	1
grantor	1
devisee	1
distributee	1
denton	1
objection	1
juvenile	2
physicianfit	4
com	3
link	1
http	1
hiringinhealthcare	1
healthcare-assessments	1
physicianfit-in	1
apartments	1
advertise	1
reduced	3
background	1
government	1
spaced	1
postal	2
worker	1
deliver	1
leans	1
damaged	1
extradite	1
wisconsin	2
incarceration	1
extended	2
twilight	1
fic	1
upload	1
cafe	1
nowhere	1
alcoholic	1
adverse	2
squatters	1
payday	1
prosocute	1
enforced	1
testify	5
immigrant	1
meetingi	1
couldnt	5
decitions	1
chance	3
expos	1
conversation	1
private	2
messaging	1
profile	1
airs	1
library	1
channel	1
youre	1
unsupervised	2
cashing	1
arrangement	2
cashed	2
cent	1
sending	2
electronic	1
copies	1
checks	4
crossed	2
confirmed	1
transferring	1
accounts	1
setting	2
probate	1
applications	3
registrations	2
disposing	1
blown	1
insulation	1
burying	1
age	7
daughters	3
repeatedly	1
bad-mouthing	1
slandering	1
eyes	1
threaten	1
kill	3
superiors-even	1
directly	2
mayor	1
cityof	1
bodyguard	1
avail	1
continues	2
meanwhile	1
badly	1
wishes	1
weekend	4
terrible	1
occurs	1
speaks	1
rescued	1
tears	1
relating	1
horrible	1
promotion	2
reliable	2
trustworthy	2
pawn	2
jewelry	2
august	2
groceries	1
reclaim	1
jeopardize	1
jumps	1
river	1
attempting	1
pursuit	1
aquired	1
secretly	1
absent	1
physical	1
camper	2
threw	3
belongings	1
reposses	1
surviving	2
fear	1
facing	1
homelessness	1
beat	1
sisters	1
beatings	1
homicide	3
neglect	2
affidavit	2
sues	1
expenses	3
housing	1
conditions	2
threatened	1
promised	1
servic	1
rented	1
tables	1
chairs	4
tent	4
apologize	1
anyhow	1
coward	1
apologized	1
posted	2
update	1
chimed	1
encounter	3
commented	1
heated	1
lie	1
falsify	1
truth	1
debating	1
refinance	1
mailed	2
track	2
dies	1
fail	2
elderly	1
arrangements	2
emergency	5
felons	1
curfew	1
godly	1
lifestyle	1
christians	1
laptop	1
badcan	1
cheap	1
respiratory	1
therapist	1
intubate	1
discription	2
bed	1
supervisior	1
rrt	2
intubations	1
intubation	1
requires	2
opportunity	1
floors	1
inflatted	1
resolution	1
participate	3
impacted	1
duties	1
ability	1
discrimination	3
odd	1
shouldi	1
transportation	1
town	2
divorcing	2
sperate	1
guards	1
newspaper	1
abouts	1
construction	1
project	1
point	2
materials	1
furnaces	3
thief	3
genderal	1
contractor	1
occupancy	1
stolen	1
understanding	1
furnace	1
structure	1
builders	1
terminates	1
extracurricular	2
birthday	3
gift	1
invited	1
weekly	1
supporting	1
activity	1
dance	1
basketball	1
outrages	1
activities	1
gifts	1
especially	2
loose	1
provider	1
ahold	1
satisfied	1
sheriff	2
ex-spouse	1
firefighter	1
fund	2
carpenters	1
annuity	6
quarterly	2
priority	1
layed	1
foreman	1
catch	1
loophole	1
main	1
retirement	2
secondary	1
simply	1
non-custodial	4
savings	3
otherwise	1
football	2
games	2
irs	1
imininet	1
step	5
waited	1
elkhart	1
monday	1
picked	2
bleeding	1
vist	1
sad	1
offering	1
facial	1
contusion	1
sometime	1
chidren	2
marriage-are	2
bio	3
breakdown	1
commit	1
dual	1
grandson	3
senses	1
temporary	2
except	1
romania	1
kidnapped	1
properties	1
overseas	1
marking	1
assetts	1
namewhatever	1
carscommon	1
additional	2
annually	1
psew	1
alomst	1
inhereted	1
jeff	1
bruises	3
sunday	1
questioned	1
arms	2
wednesday	2
attonery	1
brusies	1
letting	1
bloggers	2
seem	3
sleeping	1
occasionally	1
relatives	1
dangerous	2
neighborhood	1
examine	1
assessee	1
ex-husband	1
awarded	1
insists	1
atty	1
choice	2
collectible	1
recieve	1
creditors	2
inner	2
tubing	1
behind	3
turned	1
falling	1
tube	3
teeth	2
bone	2
control	2
tub	1
stiching	1
tore	1
neglegens	1
significant	1
constitutional	1
precedent	1
turns	1
bipolar	1
disorder	1
gain	3
tuition	1
intern	1
piled	1
approx	2
pmts	1
cards	2
tenants	2
destroying	1
evict	3
difficult	1
families	1
whitness	2
key	4
prosicutor	2
threating	2
arested	2
shooting	1
customers	1
illinois	6
indian	1
pop	1
hot	1
pizza	2
mainly	1
cream	1
refile	1
verified	1
supplemental	1
interrogatories	1
inheriting	1
honor	1
existing	1
slandered	1
laceny	1
useing	1
thier	1
arraignment	1
waiting	2
hearings	1
institute	1
kokomo	1
employers	3
smoke	2
cigarett	1
unknown	1
libelous	1
consumer	2
reviews	1
complaints	1
hacker	1
identity	1
stalker	1
sexually	2
located	1
hide	1
whois	1
guard	1
panama	1
phaternity	2
affidavid	1
binding	1
document	1
dissolve	1
counceling	1
jamaican	1
mate	1
gun	1
arears	1
hers	1
none	1
anymore	2
gap	1
xtra	1
answering	1
understood	1
review	1
appealorder	1
explain	1
mistameanor	1
convictions	1
requirement	1
certification	2
maximum	3
studying	1
justice	1
hopefully	1
csi	2
completion	1
bachelors	2
least	2
tools	1
titl	1
south	1
bend	1
mishawaka	1
molestation	1
specifying	1
vistiation	1
blue	1
enrolling	1
venue	2
involving	1
soc	1
sec	1
survivors	2
kardonick	1
chase	3
constructural	1
drugs	3
meaning	2
ballpark	1
est	1
sherriff	1
unlawful	1
detainning	1
voilating	1
constitional	1
andi	1
copyrighted	4
limit	2
detention	1
released	3
hour	1
probable	1
define	1
enters	1
inflict	1
harm	1
intruder	1
divirced	1
merchandise	1
bedrooms	1
planned	1
one-bedroom	1
bigger	1
bedroom	1
fences	2
situations	1
certain	4
conviced	1
conspiracy	1
distribute	1
curresntly	1
serving	1
co-defendants	2
quantity	1
nore	1
met	2
incarcerated	2
usd	1
shouldnt	2
hunter	1
shot	1
applicable	1
underage	1
remedies	1
precedents	1
addressing	1
guidelines	1
scope	1
asistants	1
addiction	1
coach	1
organization	1
practise	2
clients	1
officially	1
diabetic	1
education	1
invoice	1
collectable	1
web	1
designer	2
package	1
turnkey	1
diary	1
grandmothers	1
attic	1
ownin	1
failor	1
jpmorgan	1
resides	1
shops	1
specify	1
aftermarket	1
knows	2
levy	1
corporate	1
assests	1
software	1
smells	1
searches	1
finds	2
proceeds	1
escorts	1
canine	1
husand	1
google	1
curse	1
neck	1
choke	1
recall	1
altercation	1
unless	2
misc	1
indianaabuse	1
laywer	1
converting	1
safety	1
protects	1
invasion	1
visitaion	1
justification	1
statutes	2
abc	2
stuff	2
accepted	1
plea	3
bargain	1
vacated	1
aquittal	1
ongoing	1
lawsuits	1
medtronic	1
liability	2
jurisdiction	1
penalties	1
theses	1
confinement	1
engage	1
penetration	1
anytime	1
bondage	1
awful	1
significantly	1
prediction	1
face	2
retain	1
graudianship	1
forclosed	1
ssi	1
re-married	1
tease	1
harads	1
csl	1
vernon	1
boundaries	1
defence	1
serious	1
detailed	1
below	1
mos	2
shared	1
hassles	1
wks	2
obligation	1
immediately	1
finalization	1
careless	1
faternal	1
eagles	1
infringment	1
racial	1
documentation	1
directed	1
cos	4
statues	1
penalize	1
reserved	1
carry	4
weapon	1
cuts	1
non-co-workers	1
major	1
hut	1
delivery	1
speech	1
expandable	2
extendable	2
baton	3
self-defense	1
practical	1
low	1
expires	2
march	1
slow	1
speeding	1
slammed	1
brakes	2
glass	1
bankrupt	1
lump	1
heir	1
reviewed	1
criteria	1
evaluated	1
passport	3
foolish	1
almost-expired	1
sake	1
vanity	1
photo	1
older	1
shame	1
feels	1
officials	1
particularities	1
co-trustees	1
defunct	1
c-corp	1
soley	1
officers	1
garnishments	1
deposited	1
freed	1
blind	1
tenant	2
locked	2
foreclosure	2
trespass	1
although	1
thc	1
stays	1
tho	1
holiday	1
step-mom	1
stat	1
aid	1
covered	1
continuing	1
alimony	1
related	1
las	1
vegas	1
celebrating	1
advances	1
towards	1
rejected	1
interprets	1
cout	1
termed	1
world	1
media	1
eventhough	1
pla	1
active	1
limitation	1
tortous	1
purposely	1
abusing	1
interviewed	1
firearm	1
repress	1
lawsuite	1
retiree	1
tennessee	1
special	1
provisions	1
heirs	1
recuse	1
usdc	1
permitted	1
msj	1
mutilate	1
urn	2
sealed	1
ashes	4
tool	1
heart	1
counter	1
paint	1
modified	3
lets	3
behavior	2
severing	1
maintained	1
salary	1
intimadation	1
warrent	1
williams	1
rohm	1
haas	1
aressted	1
running	1
accepting	1
create	1
marraiage	1
costudy	1
gaurdianship	1
