indiana	279
need	224
know	93
what	357
the	4817
laws	25
says	23
about	177
auto	6
diminution	1
value	23
claim	75
how	201
calculate	1
null	561
assuming	23
question	108
damage	11
car	74
determined	10
accent	1
case	207
was	398
totalled	2
standard	9
price	10
that	995
willing	12
seller	14
would	273
accept	8
from	273
buyer	30
insurance	49
companies	17
often	15
want	108
use	116
various	7
different	30
appraisal	2
services	54
justify	5
lower	4
amount	49
not	719
then	118
simply	19
matter	37
cost	27
repair	7
wanting	4
avoid	11
court	382
sons	8
girlfriend	12
recently	14
moved	14
out	164
her	169
parents	28
house	123
shes	8
without	121
having	46
can	735
she	182
get	272
dog	13
back	76
who	188
are	566
refusing	6
give	64
has	281
few	23
vet	4
bills	8
and	1758
some	109
prize	2
ribbons	2
won	3
please	43
help	94
you	1534
asking	18
whether	102
sue	34
have	768
enough	37
facts	117
answer	115
will	382
probably	52
say	29
they	311
own	70
right	82
course	17
pay	106
attorney	290
ton	1
money	72
might	63
try	28
herself	8
but	252
costs	22
locally	2
call	47
clerk	20
ask	59
why	43
amendment	10
important	16
because	107
sets	4
term	13
limit	9
for	1231
election	1
overall	2
time	177
service	39
office	106
president	1
united	20
states	60
female	3
well	25
looking	16
baby	14
together	14
via	9
insemination	1
any	250
rights	92
said	55
child	193
able	96
adopt	11
understand	15
anti	1
gay	2
does	145
believe	23
just	108
marriage	38
yes	80
should	178
difficulty	4
based	38
sexual	17
preference	1
handled	4
these	53
before	114
husband	79
being	86
charged	39
with	624
class	60
felony	64
theft	18
didnt	40
actually	23
take	131
anything	56
his	169
friend	34
supposedly	1
got	43
permission	24
bunch	4
scrap	5
metal	5
burnt	2
down	18
abandoned	8
neighbors	12
this	444
called	27
police	27
them	115
buddy	1
took	28
off	26
showed	8
leaving	11
high	5
dry	1
punishment	5
knowing	6
noone	3
could	99
locate	4
home	86
owners	14
now	109
jail	33
faced	2
charge	43
leave	33
truck	8
everything	16
had	160
put	41
while	67
were	104
there	352
still	69
him	128
quick	4
prosecutors	9
great	20
deal	17
discretion	4
file	201
charges	34
order	209
convicted	13
state	164
prove	18
your	633
knowingly	15
intentionally	8
exerted	2
control	20
over	89
property	198
another	60
person	253
did	65
owner	78
friends	15
heshe	9
gets	13
which	133
highly	7
recommend	19
focus	1
element	5
exerting	1
defense	31
speak	26
criminal	54
soon	22
possible	35
definition	4
evading	1
indiananeed	1
misdemeanoror	1
here	72
resisting	2
law	201
enforcement	16
mandatory	2
sentence	21
sec	79
forcibly	2
resists	2
obstructs	2
interferes	2
officer	30
assisting	1
lawfully	2
engaged	3
execution	6
officers	7
duties	5
authorized	3
civil	35
process	27
flees	1
after	123
visible	1
audible	1
means	32
including	34
operation	5
siren	1
emergency	13
lights	1
identified	3
himself	6
ordered	22
stop	23
commits	11
misdemeanor	16
except	16
provided	30
subsection	33
offense	44
under	180
described	15
uses	6
vehicle	37
commit	6
committing	9
draws	1
deadly	3
weapon	4
inflicts	1
bodily	14
injury	36
otherwise	17
causes	10
operates	6
manner	19
creates	3
substantial	6
risk	18
serious	12
death	24
official	6
purposes	29
section	35
includes	8
alcohol	5
tobacco	3
commission	14
conservation	1
department	11
natural	3
resources	4
part	35
penalty	5
imposed	3
shall	39
impose	2
minimum	6
executed	3
least	33
thirty	3
days	58
prior	39
unrelated	3
conviction	11
one	163
hundred	4
eighty	1
year	81
two	64
more	114
convictions	4
notwithstanding	2
may	295
suspended	7
involving	7
motor	10
exceeded	1
speed	6
twenty	3
miles	3
per	22
hour	4
notify	7
bureau	6
vehicles	7
suspend	2
revoke	4
persons	37
drivers	8
license	38
all	222
certificates	4
registration	50
plates	1
issued	24
registered	39
name	133
accordance	4
period	23
inform	6
been	186
sentenced	5
incarceration	4
obtain	35
current	13
return	18
added	33
acts	16
amended	7
employer	30
required	51
reimburse	3
employee	13
mileage	2
personal	19
used	51
business	56
dont	91
think	37
its	67
however	134
deduction	1
taxes	31
when	125
next	22
irs	3
allows	4
mile	1
keep	34
records	13
happen	16
shoplifting	3
record	35
paying	21
bond	11
times	15
prosecutor	18
clean	7
account	26
negotiating	1
plea	10
retain	15
lawyer	219
attempt	3
negotiate	5
behalf	5
guilty	15
ranges	1
probation	58
andor	22
fine	4
hello	1
sorry	12
walked	1
away	17
corporation	21
flat	4
broke	11
personally	8
liable	21
sales	19
tax	21
income	32
withholding	5
etc	21
dissolution	10
either	59
years	166
received	40
amnesty	1
retired	2
live	47
month	18
proud	1
going	47
thousands	2
dollars	6
must	73
contact	86
firm	10
settles	1
matters	11
like	88
company	69
welding	1
pool	4
cover	10
fabrics	1
propr	1
ventalationits	1
poising	1
compensation	12
alert	2
occupational	1
safety	6
health	13
administration	3
osha	1
far	14
getting	37
workers	7
injured	7
hospital	18
fights	1
hire	53
cases	38
complicated	10
best	94
luck!	22
isnt	12
true	9
search	47
warrant	14
filed	99
raided	2
renter	2
see	70
upon	36
entry	7
notice	69
things	30
stamp	2
judge	66
theres	8
signature	4
only	140
detective	2
discovery	6
appears	9
accompanied	1
filing	82
dated	4
same	56
day	21
wasnt	8
present	13
original	12
legal	192
cannot	61
advice	92
documents	46
reviewing	1
sometimes	16
researching	1
questions	37
yours	10
bankrupsy	1
supposed	10
$how	1
find	81
outwhen	1
receive	16
difficult	12
alot	6
detail	8
thing	29
represented	10
divorce	122
readily	1
went	18
bankrupt	3
obviously	3
flush	1
indebtedness	1
exists	6
something	30
count	3
geting	1
good	99
luck	41
male	2
son	58
mother	30
restraining	6
against	64
pushing	4
custody	68
seperated	3
finished	4
yet	11
lived	12
lawyer!	1
situation	80
quite	7
jeopardy	5
found	52
stepson	2
belong	2
support	87
husbands	9
told	44
father	42
their	76
yrs	25
admits	2
sign	33
paternity	16
acknowledgement	1
even	62
thought	8
lied	9
place	32
otherr	1
partys	1
address	18
doesnt	28
setting	8
aside	6
dobut	1
done	44
parent	65
leaves	4
old	53
family	54
months	60
abusive	2
decides	5
almost	15
daughter	31
instead	13
putting	8
foster	2
care	45
sort	4
facility	5
again	17
guardianship	20
girl	11
signing	9
since	41
refuse	10
afraid	2
lose	8
food	6
stamps	1
information	119
presented	9
sounds	11
facto	2
custodian	5
statute	44
enlarging	2
object	3
discharge	17
bankruptcy	119
list	15
creditors	16
asked	23
eliminate	2
debts	24
bankprupt	1
ready	1
sends	2
deadline	5
wiped	1
discharged	8
oject	1
gives	4
additional	11
objections	1
paul	143
overhauser	146
poverhauser@overhausercom	2
wwwoverhausercom	142
six	7
caseshow	1
much	41
individual	61
attorneys	47
sent	16
copyright	101
application	118
born	9
delete	1
public	49
register	39
work	130
create	25
removed	6
once	18
entered	10
provide	53
available	22
internet	23
consider	37
include	19
birth	6
date	58
nickname	1
alias	1
other	190
optional	1
sensitive	2
bankuptcy	1
trustee	22
cease	7
long	56
depends	43
status	31
foreclosure	10
proceeding	7
key	10
document	18
praecipe	2
sale	22
served	24
approximately	3
many	51
pracipe	1
issues	39
decree	20
judgment	49
tort	4
claims	21
suit	33
until	40
first	59
allow	18
certain	32
elapse	1
form	49
httpwwwingovindotfilestortclaimpdf	1
covering	1
issue	33
below	4
code	32
governmental	9
entity	9
acting	4
within	39
scope	9
employees	15
employment	23
loss	15
results	13
condition	7
unimproved	1
reservoir	1
dam	1
canal	1
conduit	1
drain	1
similar	33
structure	2
purpose	12
foreseeable	1
temporary	13
thoroughfare	1
weather	1
unpaved	1
road	6
trail	1
footpath	1
access	9
recreation	1
scenic	1
area	21
initiation	1
judicial	7
administrative	4
performance	4
discretionary	2
function	1
adoption	7
failure	15
enforce	6
rules	25
regulations	6
unless	67
act	55
constitutes	3
false	15
arrest	16
imprisonment	1
omission	5
performed	10
faith	3
malice	4
apparent	1
authority	12
invalid	7
valid	18
anyone	15
than	68
entitys	1
issuance	7
denial	1
suspension	2
revocation	1
refusal	1
deny	4
permit	12
certificate	12
approval	4
authorization	1
where	97
make	101
inspection	5
making	21
inadequate	1
negligent	8
determine	15
complied	1
violates	3
contains	4
hazard	1
expressly	1
impliedly	1
misrepresentation	2
unintentional	1
sustained	1
wrongful	6
supervision	10
assigned	6
drug	15
program	15
security	25
release	9
community	13
corrections	3
design	18
highway	4
defined	13
claimed	7
occurs	5
designed	11
substantially	7
redesigned	1
subdivision	3
construed	12
relieve	1
responsible	18
continuing	4
duty	13
maintain	8
highways	1
reasonably	7
safe	16
development	4
implementation	1
maintenance	9
enhanced	2
communication	5
system	10
example	20
kind	17
sentencing	3
sheet	2
prisoner	4
county	66
recieving	1
medical	24
attention	6
southern	2
district	12
formats	1
prison	5
addition	13
check	34
little	11
boxes	1
finally	13
formswhat	1
protocall	3
serve	15
defendants	10
provides	9
started	12
sell	53
invention	66
sep	3
patent	273
december	5
foreign	14
patents	20
exactly	7
sold	21
covered	12
missed	6
most	78
countries	9
grace	2
correct	15
very	67
fact	23
specific	106
sure	37
offices	7
scrappingcollecting	1
taking	18
yard	3
drove	5
loading	1
into	83
shortly	3
stealing	3
illegally	6
idea	29
doing	30
someones	3
anyway	5
admit	2
lying	4
tell	18
someone	60
thanks	7
exert	2
elses	6
circumstantial	1
evidence	39
snuck	1
fence	14
pal	1
inside	4
reasonable	32
people	34
conclude	3
wrong	14
relevant	35
statutes	15
definitions	5
chapter	74
carry	7
drive	6
lead	8
conceal	1
abandon	1
convey	1
encumber	1
possess	1
secure	3
transfer	3
extend	4
unauthorized	5
consent	14
extent	27
consented	1
transferring	4
encumbering	1
failing	7
disclose	8
lien	5
adverse	7
impediment	1
enjoyment	1
creating	1
confirming	1
impression	3
knows	8
influencing	1
stands	3
relationship	29
special	9
trust	41
promising	1
expressing	1
intention	1
impair	1
reproducing	2
recorded	2
master	1
recording	8
intent	13
distribute	3
reproductions	1
profit	8
receiving	4
acquiring	1
possession	16
title	35
lending	1
stolen	3
exerts	4
deprive	1
fair	17
market	7
thousand	1
subject	31
valuable	1
relates	4
transportation	2
taken	22
telecommunications	3
provider	8
iii	9
utility	6
absence	1
pending	27
thefts	1
ommitted	1
habit	1
rehab	1
option	6
doc	3
history	6
steps	8
private	25
immediately	7
explanation	3
remorse	1
cops	4
send	13
cop	9
trouble	20
illegal	18
woman	4
age	36
start	18
reading	4
mountainous	1
wont	26
let	19
kids	53
presentpolice	2
meno	2
cleared	4
bank	20
accountwe	2
written	34
agreement	98
visiting	2
children	71
early	7
mom	17
watching	2
stay	15
followed	15
around	12
yelling	2
fighting	4
our	97
nice	4
apartment	4
there!	2
primary	6
caregiver	2
tearing	2
approve	6
point	16
enforced	5
held	23
contempt	27
qualify	13
pro	21
bono	10
school	28
clinc	1
discounted	1
forms	11
supreme	10
web	6
site	13
also	116
obtina	1
requiring	5
fees	50
website	46
domain	16
holder	5
owns	4
majority	5
local	84
review	32
governing	2
advise	14
enter	26
engagement	19
writing	30
general	60
impossible	20
evaluate	21
problem	36
comprehensive	20
consultation	30
strongly	19
encourage	21
consult	50
earliest	20
convenience	21
licensed	37
practice	42
arizona	19
brother	11
living	31
moms	3
passed	12
legally	26
ours	3
aware	14
requires	12
change	26
deed	37
acquire	2
action	51
petition	43
courthouse	4
naming	6
copy	22
depending	35
located	12
backed	3
constitution	8
america	4
hokum	1
non-provisional	15
complex	27
businesses	12
individuals	9
requirements	28
wwwusptogov	3
wwwiniplaworg	77
quit	8
granting	3
continuances	1
expedition	1
such	86
hiring	10
counsel	23
ruleing	1
regarding	16
intox	1
travel	10
ruled	3
passenger	3
drunk	2
prosecuted	2
intoxication	2
ruling	4
follows	1
determining	18
considered	13
fake	2
signatures	2
during	32
proceedings	18
mean	29
apply	30
grandma	1
famous	57
fried	1
chicken	2
logo	28
extra	8
copyrightable	5
withing	1
job	44
meaning	8
reproduced	2
infringing	7
circumstances	34
trademark	118
intellectual	9
precise	3
piece	7
becomes	6
theirs	2
survey	7
realtor	1
line	18
guessed	1
lines	3
showing	2
view	4
assessors	1
page	10
planted	1
plants	1
quiet	2
ten	9
belief	2
proper	14
ability	14
learn	7
possessing	1
elements	11
already	25
failed	3
investigating	1
previous	8
acted	2
tacked	1
reach	11
too	32
pulled	6
recent	6
mutter	1
arise	1
uphold	1
guardinship	1
generally	22
speaking	8
needs	21
owned	25
married	43
add	4
titledeed	2
quitclaim	1
usually	28
prepare	9
recorder	4
recall	3
auditors	1
fee	30
wants	40
move	32
given	39
follow	8
require	25
mail	12
clerks	7
mailing	4
acceptable	5
reconsider	2
relief	9
assistance	6
last	37
litigants	1
heard	13
admonished	1
filer	1
letting	3
made	66
mistake	6
adversely	1
affecting	3
debtor	13
hearing	39
mistakes	1
free	42
meet	15
feel	18
comfortable	1
knowledgeable	1
responsive	1
deceased	28
minor	21
childr	1
entitled	25
share	17
estate	27
intestate	11
himself!	1
househe	1
kinds	4
emmotionally	1
abused	5
problems	8
awaiting	5
disability	12
cant	26
desperate	1
couple	11
both	59
marital	15
additionally	6
assets	18
liabilities	2
equally	1
reside	5
inequitable	4
conduct	29
infringement	33
litigation	9
applicant	4
obligation	14
cfr	4
material	4
patentability	4
withholds	2
misrepresents	2
dealing	5
later	26
due	41
thus	10
accused	18
infringer	10
assert	4
strong	5
armed	4
robbery	4
takes	14
physical	6
force	25
somebodys	1
simple	15
involves	4
varies	7
widely	6
seek	21
protect	33
ive	17
applications	14
systems	5
nearly	4
moreover	3
incurred	4
through	48
moderately	2
investing	2
those	51
spread	4
owi	3
ago	46
others	32
misdemeanors	4
apart	1
frame	2
hso	1
htv	1
saying	24
licsence	1
lease	21
trying	22
buy	13
always	19
way	53
begin	3
relevent	2
particular	29
terms	27
google	5
scholar	1
westlaw	1
lexis	1
possibly	12
research	6
websites	6
ongoing	3
subscription	1
sole	11
finding	10
counties	7
doctors	2
opinion	16
testimony	16
medically	3
capable	1
caring	3
establish	11
mark	184
commerce	6
owning	3
federal	39
principal	9
several	14
benefits	21
ownership	10
presumption	12
exclusive	8
nationwide	2
connection	13
goodsservices	4
listed	13
bring	17
concerning	23
basis	10
customs	2
border	3
protection	37
cbp	2
prevent	21
importation	2
goods	24
symbol	6
listing	2
office�s	2
online	18
databases	2
assign	11
mortgage	34
loan	33
remic	1
principle	1
contract	52
signator	1
assignment	3
discharges	1
assignor	1
assigning	1
liability	23
breach	7
parole	16
ussually	1
run	7
although	14
ways	8
administers	2
board	8
violation	23
appropriation	1
publish	7
book	10
using	41
pen	5
celebrities	2
names	28
commonly	3
misspelling	1
john	6
doe	5
actor	2
actions	10
johnathan	1
expand	1
absurdity	1
grounds	9
publicity	13
novel	4
wouldnt	6
sowhat	1
changed	10
potential	1
published	15
led	5
consumers	7
came	13
celebrity	4
rather	7
yourself	22
misstating	1
exposure	2
disclaimer	2
marketing	8
materials	2
clear	16
affiliated	1
california	2
proceed	11
caution	1
past	17
dischargeable	3
assessed	1
partner	9
llcwho	1
marriagetrying	1
coerce	1
unanimous	1
resolutions	1
stating	14
authorize	1
trade	38
farmland	1
tract	1
plus	7
consulted	1
tracts	4
agreed	18
purchased	9
purchase	10
joint	25
responds	2
closed	3
expecting	1
member	10
llc	22
agree	15
show	29
adjust	3
coercing	1
set	24
between	48
misunderstanding	5
wish	9
estimate	3
preparation	4
prosecution	22
star	15
named	11
registries	1
plot	4
nobody	1
body	6
jupiter	1
walter	1
meaningless	1
statutory	8
planets	1
tradition	2
print	4
remains	1
whatever	11
five	16
divorced	18
somebody	3
else	20
pregnant	8
sheriffs	4
bids	1
resulting	1
retained	3
deutsche	3
options	21
reinstating	1
re-obtaining	1
seen	9
note	8
ameriquest	1
securities	1
inc	7
asset-backed	1
pass	10
uncommon	4
owed	16
re-instating	1
foreclosed	3
lease-back	1
new	48
re-buy	1
essentially	1
chances	2
likely	40
extremely	5
limited	10
forclosure	4
giving	8
waiver	14
ahead	3
speculating	1
lieu	6
mostlenders	1
procedures	2
qualifying	1
accepting	3
lender	4
prepared	5
somewhat	3
consuming	5
responding	2
complaint	17
number	20
lenders	2
sitting	1
foreclosures	1
meantime	1
expenses	9
continue	12
build	3
small	21
party	35
selling	14
replica	1
purses	4
tradmark	1
real	23
brand	3
sorts	2
rumors	1
starting	4
homes	5
replicas	3
knock	2
offs	2
inventory	1
brands	1
arent	6
investigation	3
teams	1
amounts	4
look	39
big	1
stores	2
penalties	4
applicable	4
severe	1
counterfeiting	6
products	14
extreme	3
infrigmement	1
advantage	12
brandname	1
goodwill	1
deliberately	1
counterfeit	8
quality	3
imitations	4
seeking	8
economic	5
gain	4
anticounterfeiting	1
consumer	25
trafficking	2
countefeit	1
trademarked	7
distribution	5
well-known	1
mechandise	1
according	16
whoever	1
traffics	1
attempts	2
traffic	4
ammend	1
lanham	12
stronger	2
boyfriend	11
sex	12
talking	15
knew	8
forward	5
feelings	4
forth	7
strict	9
alone	13
learned	5
sneaking	5
schooled	2
became	6
intimate	2
relation	2
involved	22
gone	8
attend	8
coming	8
refuses	9
left	31
knowledge	7
broken	4
nonsense	1
unsupervised	5
lawful	1
permanent	6
residents	1
vote	3
elections	1
gotten	1
exspouse	1
files	15
relative	1
unlikely	11
effect	8
earning	3
less	26
increased	3
theory	7
funds	14
depend	5
instruments	1
drafting	3
related	17
expertise	8
skill	4
rituals	1
accomplish	3
involvement	1
witnesses	4
notary	1
publics	1
hope	12
helps	7
chi	1
harley	4
paid	41
paymets	1
poblems	1
payment	41
scheduled	4
increase	2
asset	4
administered	1
suggest	14
discuss	15
beforehand	1
motion	33
parenting	29
visitation	30
orderfew	2
response	7
petitioner	5
x-wifey	2
violated	11
punished	2
fault	13
severity	1
interference	1
slap	1
wrist	1
doggone	1
certainly	6
hires	2
none	6
lawsuit	31
donalds	2
break	7
suffered	3
caused	10
mcdonalds	3
breaching	4
septic	1
built	2
limitations	19
improbable	1
contracts	7
unwritten	1
non-contractual	1
shorter	1
prohibiting	3
contacted	7
finalized	5
parties	50
contain	4
mediation	10
arbitration	3
clause	6
assume	13
debt	81
chapt	4
uncontested	3
settlement	29
split	13
painful	2
volitile	2
protective	9
further	12
arrested	12
misdemeaner	2
content	4
january	2
thank	16
confirmation	2
stated	13
assisted	2
appreciate	4
qualified	10
pertains	1
owe	17
binding	7
divorcing	4
merely	5
iss	1
childrens	2
staff	2
fired	8
southbend	2
relatioship	1
needed	17
relating	4
types	5
facilities	2
wealthy	1
supply	1
condemn	1
unconstitutional	3
level	6
country	23
constitutional	3
amend	2
taxable	5
alabama	2
inheritance	7
bet	5
renew	4
renewing	1
every	22
method	3
handling	4
delinquent	4
indianas	5
reason	21
renewal	1
unpaid	3
following	36
auctioning	1
garnishing	1
wages	7
levying	1
professional	5
tailored	1
becoming	1
compliant	3
included	12
links	1
revenue	3
dmv	1
reference	1
httpwwwingovdorhtmwarrant	1
httpwwwdmvorgin-indianaregistration-renewalphp	1
saw	9
innovatiive	2
machine	8
germany	6
nothing	21
inventor	11
entire	10
machines	2
improvements	4
improvement	4
patented	13
creditor	21
partial	4
demands	1
full	22
recourse	12
spreading	4
lies	5
constantly	2
indianapolis	11
intimately	2
seldom	2
guy	10
jealous	2
nut	2
women	3
hiv	2
straw	2
confronted	2
predictably	2
denied	8
ever	12
whom	19
mentioned	6
beginning	8
text	8
informed	11
today	5
bathroom	2
aids	2
e-mailed	2
neither	6
std	2
remedy	8
guidance	4
thanks!	2
nsue	2
defamation	22
half	16
pension	13
really	31
wait	11
retires	4
awarded	4
purusant	3
plan	19
indicates	3
borrow	3
administrator	4
custodial	13
intentions	1
pursuant	3
relocation	22
ths	2
appropriate	15
drawing	1
unemployment	4
contributed	4
bottomline	1
impact	5
capacity	3
appear	14
exceptions	8
seprated	1
close	4
publication	9
trial	22
rule	12
httpwwwingovjudiciaryrulestrialprocindexhtmltoc	1
complicate	1
hard	7
aid	7
bar	19
association	29
residency	2
resident	6
preceding	2
furthermore	2
preferred	2
venue	3
three	26
soon-to-be	1
ex-spouse	2
established	20
paternal	3
grandmother	5
short	13
alive	3
grandparents	3
mothers	1
parental	8
terminated	10
team	3
lawyers	15
adam	9
sedia	6
experience	23
unclaimed	1
directors	3
oversees	1
occassionally	1
missing	4
heirs	9
foundthe	1
simplest	2
four	6
college	3
students	2
accident	22
swerved	2
nights	2
week	22
weekend	5
spend	5
spending	1
childs	10
interest	40
emerson	4
typically	11
land	11
contained	5
november	3
earlier	9
relied	3
maintained	7
strictest	2
confidence	2
request	15
containing	4
correspondence	5
leading	3
unit	2
copies	13
forum	10
northwest	1
completed	8
repairs	4
recommended	3
inspector	2
sellers	2
earnest	1
read	17
answering	3
applying	5
server	3
heres	3
pdf	3
httpwwwingovatcfilesemployeepermit--pdf	1
mention	1
tells	5
httpwwwingovlegislativeiaciactitleiact=	1
word	10
anywhere	3
james	9
movie	3
write	17
sued	40
wanted	11
copyrights	10
mgm	2
finanical	2
survive	2
harmless	2
credit	45
card	26
cards	5
dis-chargeable	1
settle	18
signed	26
papers	29
gave	8
participated	1
words	13
moot	1
assumes	1
confirm	5
settled	2
tree	3
fell	4
pays	5
remove	7
dispose	2
properly	8
easiest	3
direct	8
homeowners	5
agent	17
deductible	5
significantly	3
higher	2
ending	2
marrage	2
homeless	6
courts	32
division	18
divide	7
spouse	45
acquired	11
final	35
separation	6
efforts	2
parts	10
spouses	12
gross	2
installments	2
ordering	4
conditions	7
prescribes	2
dividing	2
proceeds	3
payable	2
percentage	4
payments	31
receipt	4
equal	10
rebuttal	4
presume	3
rebutted	3
presents	3
factors	28
contribution	4
each	44
acquisition	2
regardless	10
producing	2
gift	5
disposition	7
become	16
effective	6
desirability	2
awarding	3
residence	18
dwell	2
periods	3
considers	5
dissipation	2
earnings	3
determination	5
clothing	5
copycat	1
designs	2
protected	14
trademarks	12
legislation	4
consideration	10
moment	1
specifics	4
email	12
decide	11
submit	10
comply	8
respond	8
raised	6
applicants	4
represent	10
offer	24
referral	7
hardship	11
hit	4
driver	21
ran	3
red	3
light	3
insu	1
procedure	5
privilege	5
necessity	1
usptogov	1
familiar	9
rejected	9
whos	1
damaged	4
separate	11
providing	7
conversion	7
regardiing	1
committed	7
assist	8
crime	27
likelyhood	1
success	3
product	12
indianaamerica	1
england	2
requested	2
refund	12
hasnt	3
shown	4
rude	1
responses	1
personcompany	1
tried	8
thats	8
cased	1
handle	10
cheap	2
worth	16
goes	11
better	14
exercising	4
fmla	2
eventually	3
employed	3
above	17
average	3
perforamnce	2
evaluations	2
promotions	2
targeted	2
termination	7
incident	5
supervisors	3
head	5
report	30
harassment	3
disciplinary	4
never	39
disciplined	2
statements	6
coerced	2
submitted	3
judges	11
decision	10
appeal	8
reputation	14
assassinated	2
rectify	2
discipline	3
flma	2
excellent	3
carla	3
pyle	3
welcome	9
phone	17
rubinorumancom	4
hud	1
renters	2
seven	2
torched	1
fire	3
chief	1
lock	2
lighters	1
potentially	4
pursuing	2
domistic	2
battery	10
come	29
bonds	2
hes	14
immigration	45
cause	25
hold	9
ice	4
experienced	9
encouraged	1
wwwaba-uscom	4
rent	11
laptops	1
student	19
keeps	4
lapt	1
controversy	1
munster	1
points	1
sides	4
ultimately	3
challenge	1
academic	1
apparently	2
retreated	1
proposal	2
shows	4
voicing	1
ones	6
opinions	2
works	11
congratulations	2
afford	14
priced	1
atarted	1
helpful	4
benefit	10
talk	26
applies	3
domestic	20
dispute	2
lieutenant	2
louisville	3
metro	2
dept	3
evicted	3
evict	7
homelss	1
identy	2
thef	1
stole	4
saddened	1
hear	2
invasion	2
life	17
event	10
coverage	11
complete	13
aricle	1
cancel	2
indicate	7
issuer	1
identity	3
theft-do	1
letters	4
major	3
reporting	4
agencies	3
addressing	3
choice	5
selection	2
among	9
practitioners	3
roster	2
associations	2
operate	4
lists	3
clients	7
deaf	3
cross	6
examination	4
language	8
interpret	1
witness	12
spoke	4
invented	3
toilet	2
automatic	6
exhaust	2
fan	4
sit	4
patentable	4
sufficient	9
necessary	24
refunds	2
guaranteed	5
magazine	1
fag	1
education	14
actual	24
washout	1
comes	4
driving	9
operating	8
intoxicated	4
instant	1
pertinent	12
occurred	8
occurrence	1
flied	1
mortage	1
reaffirmed	1
feescosts	1
judgement	5
second	21
wife	29
eligible	3
social	16
adminstrator	1
detemine	1
dealership	1
emissions	1
specifically	8
prohibits	3
represntaions	1
unfair	2
deceptive	1
practices	6
theories	1
depedning	2
difference	10
tide	2
laundry	2
detergent	2
servicemark	2
roto-rooter	2
plumbing	2
marks	5
dairy	2
queen	2
restaurant	9
cream	3
cakes	2
middle	4
finger	4
anybody	2
arguably	1
crude	1
expression	1
lot	23
publishers	2
publications	2
registry	4
volume	10
[or	3
book]	2
stars	2
perhaps	9
compilation	2
data	2
appearing	2
therein	2
confer	2
circular	2
titles	2
phrases	2
obeying	1
miss	1
bringing	4
enforces	2
deputy	1
emails	8
override	2
verbal	7
discussing	6
exchange	1
enforceable	2
documentation	3
essential	2
signs	2
answers	41
waive	3
besides	2
havent	9
re-file	1
finalize	3
hand	8
appeared	1
default	11
guessing	3
tenancy	3
survivorship	4
tenants	13
died	7
surviving	7
tenant	7
affidavit	7
recorders	1
survivor	2
guess	2
details	11
becuase	3
innocent	3
murder	11
walks	1
confess	2
picturethen	1
remember	2
simpson	1
brought	8
sometime	2
visting	1
station	6
fox	1
perform	4
song	3
band	7
music	7
usa	5
chance	6
known	25
particiular	2
agreeing	2
inventions	6
invent	3
particualr	2
turn	12
paper	16
themi	1
existed	3
therefore	8
bky	12
pliantiff	1
overturn	1
cousin	3
adopted	8
grandkids	2
adopting	2
elementary	1
unforeseen	1
reasons	18
longer	17
biological	4
step	9
worker	2
produce	2
study	1
intended	18
demonstrate	1
financially	7
physically	7
psychologically	1
rest	2
recipe	13
barbeque	9
sauce	17
whats	5
mauls	1
masterpiece	1
sweet	1
rays	1
bobs	1
flavor	1
narrowly	1
drawn	1
super	1
describe	5
secret	6
bad	14
bbq	1
manufacturer	2
non-obvious	1
equipment	1
manufacturing	3
methods	1
easily	2
detected	1
discovered	4
protects	3
authorship	3
writings	2
art	3
tangibly	2
expressed	2
wwwcopyrightgov	3
cash	9
appraises	1
bound	4
contingency	2
separated	3
discussion	8
virginia	2
httpdocketsjustiacom	1
select	6
virgina	1
jurisdiction	24
type	21
pacer	5
docket	4
reports	2
threats	3
weeks	12
christmas	2
honestly	4
sept	3
happy	3
greatly	2
absent	6
prenuptial	1
obtained	8
main	5
factor	2
rebutting	1
disparity	1
award	6
divided	3
liquid	1
rental	7
summons	10
classifieds	1
largest	1
template	4
draft	5
ounces	1
opana	1
pills	3
assault	2
rifle	1
supervised	9
firearms	2
dui	4
endangerment	2
plead	4
pled	1
firearm	3
felon	4
single	5
senior	3
sosial	1
payoff	1
balance	3
approximatly	1
larger	2
interst	1
late	8
collectors	1
demand	2
federala	2
appellate	5
insulted	2
castewhat	1
punish	1
caste	1
torture	2
reported	6
builder	2
tobeing	1
incorporated	1
injuredhe	1
subcontractor	1
ido	1
building	12
corp	11
shares	1
sports	1
corporate	3
reviewed	3
approved	7
medicaid	1
ssdi	1
determinations	3
government	5
supplement	1
resolve	1
cashier	1
gas	2
argument	3
poor	4
customer	4
escalated	1
threatening	10
fight	7
parking	3
manager	2
shopping	1
grocery	2
store	15
taunt	1
stopped	3
minutes	7
continued	5
harass	3
talked	4
replied	3
injunction	3
hired	4
roof	7
working	16
roofing	1
decided	7
side	17
rook	1
room	6
ruined	1
leaked	3
adjustor	2
installed	5
collect	8
verbally	2
insuranc	1
subpooena	1
struck	2
stoped	1
payout	1
totaled	4
maximum	7
open	9
fix	4
upto	3
letter	12
maybe	6
controlled	5
substance	6
paraphernalia	1
inquiries	3
allowed	14
correspond	2
attorneyagent	2
merits	2
comments	3
forwarded	2
whole	7
transcript	4
reporter	4
absolve	5
co-signed	3
landing	2
representation	4
laid	2
solely	5
myself	10
co-signer	3
differ	1
across	3
possibility	5
suing	10
outstanding	1
september	3
intitled	3
deposited	5
ssa	1
mistress	1
psych	1
trauma	1
alienation	2
affection	2
abortion	1
pts	1
result	15
recognize	4
hours	5
bi-wkly	1
instd	1
labor	7
standards	11
spent	4
overtime	2
time-and-a-half	1
flsa	2
withholdings	1
wwwingovjudiciary	5
vary	5
wage	10
delay	2
breech	1
claiming	7
propertyand	1
co-signor	2
askedoffereddemanded	1
along	13
comment	5
co-signors	1
obligations	5
appointed	7
representative	2
hamilton	1
decedent	1
administer	2
affairs	3
candidates	1
siblings	6
interested	3
confusingly	4
conflict	3
reject	2
lost	10
royalty	8
licensing	8
precedent	3
georgia-pacific	4
articulated	2
plywood	2
supp	2
sdny	2
royalties	2
patentee	6
proving	3
tending	2
rates	2
licensee	10
comparable	4
nature	34
non-xclusive	2
restricted	2
non-restricted	2
territory	4
respect	4
manufactured	3
licensor�s	2
policy	15
monopoly	6
licenses	2
preserve	2
commercial	7
licensor	8
competitors	4
promotor	2
specialty	2
promoting	4
existing	5
generator	2
non-patented	4
items	6
derivative	3
convoyed	2
duration	6
profitability	2
popularity	2
advantages	2
modes	2
devices	3
character	6
embodiment	2
produced	3
probative	2
portion	6
customary	2
analogous	2
realizable	2
credited	2
distinguished	2
risks	2
significant	9
features	3
experts	2
began	3
voluntarily	9
prudent	6
desired	2
proposition	3
manufacture	4
article	5
embodying	2
grant	8
recipie	1
non-obviousneess	1
ingredients	4
obvious	4
hence	4
unpatentable	4
considering	11
detect	4
infringers	7
practical	9
stick	4
texas	2
johnson	1
summaries	1
emotional	4
distress	2
neglecting	1
helping	6
wifes	1
constant	2
finically	1
supports	1
bangkok	1
thailand	1
ourselves	1
refused	5
arrives	1
pregnancy	3
endangered	1
causing	4
wor	1
suffer	2
levels	2
stress	2
tool	2
probabtion	1
fort	1
wayne	2
test	14
yesterday	2
ahold	2
immediately!	1
poker	1
game	3
dollar!!!	1
necessarily	3
gambling	2
worse	3
prioritize	1
towards	2
everyone	4
arangements	1
third	28
hurting	2
sincerely	1
forgiveness	1
amends	1
nose	9
grindstone	1
productive	3
end	7
world	8
normally	3
hardwork	1
applied	11
active	3
though	15
financial	14
buys	1
expensive	3
withhold	1
correctly	2
bit	6
suspicious	2
disclosed	4
precisly	1
thoughts	2
agreements	9
contingent	6
obtaining	3
financing	7
diligent	2
effort	5
withheld	1
seems	7
breached	1
winning	1
ill	9
mitigate	1
damages	20
youd	6
buyers	4
fairly	5
minimal	1
completing	2
abuse	8
classes	3
facing	4
church	13
van	7
fast	10
busted	6
braking	2
sudden	2
braked	3
hitting	2
window	3
bled	5
min	5
bleed	2
night	4
nosebleeds	2
concussion	6
bill	8
churchs	1
automobile	1
insurer	12
no-fault	1
large	7
payday	2
consumption	1
army	1
picks	1
spring	1
ticketed	1
designated	2
straight	2
drinking	2
freedom	2
beers	1
losing	3
seat	1
youthful	1
offender	10
non-violent	1
opportunity	6
attaining	1
appoint	8
explain	2
collection	12
heading	1
stead	1
numbered	1
paragraphs	1
admitting	1
allegations	3
denying	2
employing	1
allegation	1
collector	3
contacting	6
common	11
misconception	1
responsibility	18
incorporate	2
controls	5
affixed	2
partnership	4
marry	1
offence	1
threatened	2
duress	3
annulled	1
hitch-hiking	1
stand	3
roadway	1
solicit	1
ride	2
soliciting	1
infraction	1
carries	1
arose	2
performing	1
speculate	1
chronological	1
summary	1
favor	4
representing	5
alleging	2
happened	13
housed	1
fed	1
cooking	1
cleaning	1
maint	1
worthless	1
modified	5
reflect	2
expense	5
chargers	2
alleged	13
contents	7
contrary	2
photographs	2
photos	6
picture	4
likeness	1
reads	2
tenancy-by-the-entirety	1
omits	1
tenants-in-common	1
remaining	1
partition	2
beware	1
interests	3
rarely	2
offered	22
revoked	4
accepted	5
outenforce	1
placement	2
meets	4
farm	2
field	4
placed	7
set-off	1
originally	2
surveyed	1
stakes	1
trees	3
kepted	1
row	1
mowed	1
mows	1
twice	2
neighbor	14
frustrating	1
escalate	1
peace	4
mind	4
shouldnt	4
doctor	4
policeman	1
bottom	2
friendly	1
refinance	3
iowa	1
merrid	1
donig	1
jobis	1
scrooge	1
tel	1
understanding	5
citizen	10
in-laws	1
prefer	3
harmony	1
model	2
cars	5
risky	4
designer	4
propose	2
motschenbacher	2
reynolds	2
cir	3
occured	2
race	8
associated	3
personality	2
rate	4
percent	1
retainer	2
malpractice	5
organizations	2
developing	2
groups	2
venture	2
club	2
wwwventurecluborg	2
hackers	2
founders	2
wwwmeetupcomhackers-and-founders-indianapolis	2
modifacation	1
self	2
cannont	1
item	8
unbundled	2
installment	1
recieved	7
returns	2
dismissed	9
dismissal	8
fail	5
black	1
white	2
jury	11
peers	1
play	4
opposing	3
peremptorydiscretionarystrikes	1
serving	4
buying	6
placing	3
closing	8
warranty	11
makes	8
utilities	1
equity	1
tied	2
abide	2
sanctions	2
casue	1
umarried	1
bought	12
passes	4
automatically	5
notarized	3
succession	4
probate	3
co-owner	1
agrees	3
equitable	3
visa	18
dad	9
stepmom	2
sponsoring	1
green	6
successful	12
analyze	11
cognizance	11
meant	12
attorney-client	17
allowing	3
folk	1
occupy	1
jointly-held	1
inherited	2
nephew	2
credit-worthy	1
joint-owner	1
grandsons	2
seeing	4
remuneeration	1
part-owner	1
thinking	4
obstinate	1
effectively	1
thinks	1
hands	2
save	6
compromise	2
solution	4
arbitrators	1
fails	4
garage	5
avoided	2
declared	2
*reallly*	1
felt	1
pushed	1
empty	2
unwisely	1
publicly	6
seemed	2
sincere	1
mowing	1
unsecured	4
dishonest	1
vacate	2
disabled	4
widow	1
confrontation	1
adversary	2
cancelled	1
prevents	1
attempting	4
co-signers	2
differently	2
extends	2
kevin	1
chern	8
illinois	12
practiced	5
managing	4
upright	6
kevins	4
partners	4
conjunction	4
cherns	4
informational	6
keeping	2
analysis	5
httpresourceslawinfocomenlegal-faqslabor-employmentfederalwhat	1
fixing	1
cut	9
recoup	1
especially	7
participate	4
ground	1
misdomenors	1
decions	1
background	3
affect	3
appying	1
importantly	2
skills	1
ethic	1
training	1
safely	1
multiple	2
moving	5
violations	6
disqualifier	1
recomemded	1
dcs	3
misconduct	3
substantiated	2
girls	1
clearing	1
asserted	1
implicationsvvusually	1
handles	5
variables	2
requirement	11
contesting	1
testament	1
marion	3
unintended	1
project	2
delaware	1
suite	4
low	5
seniors	1
vacation	6
pose	2
situations	6
non-custodial	8
arrangements	5
kid	3
coordinate	1
schedules	1
advance	6
pulling	1
hair	1
worry	2
unaware	3
cell	1
michigan	2
confusion	4
thorough	1
quickest	1
promptly	2
alternative	1
directly	4
elegible	1
citizenship	2
feb	1
petitioned	2
interview	4
confused	6
shan	4
potts	4
facebook	10
regular	11
updates	4
wwwfacebookcompottsmartinez	4
grand	2
indited	1
indictment	3
intervene	1
adoption!!	1
dcscps	1
falsely	1
unemployed	3
law!!!	1
monster	1
totally	1
completely	4
shut	2
neglected	1
unfit	2
incapable	1
exist	2
fraud!!	1
posted	7
former	10
untrue	9
granted	8
ideas	13
forming	2
inventors	4
jointly	5
instructions	5
hisher	10
notified	2
certified	3
himher	3
calls	9
worked	3
roofers	1
union	3
seasonal	1
owrkers	1
steal	1
accusations	2
ipad	5
mini	3
video	1
camera	1
footage	1
removing	1
downstairs	2
stockroom	1
log	1
internal	3
apps	2
handheld	1
device	3
task	1
anyways	2
stockrooms	1
forgot	2
prevention	1
chat	1
meeting	8
civilly	1
lung	1
cancer	9
referring	4
supplemental	5
technically	3
win	2
regulated	1
capped	1
specializing	4
ensure	8
thoroughly	1
alj	1
shot	2
front	7
youll	4
constructive	4
religious	6
particulars	2
religion	6
discrimination	12
feeling	2
exhusband	5
recalculate	1
remarried	1
tobut	1
figure	5
responsibilities	3
seroquel	1
lawsuits	4
especiallu	1
terrys	1
stamped	2
legislators	2
power	6
attended	1
topic	2
hjrat	1
hjr	2
legistlators	1
voted	1
god	4
humans	1
populate	1
morals	1
voting	1
standpoint	1
thomas	1
jefferson	1
contemplate	1
sovereign	1
reverence	1
american	2
legislature	3
respecting	1
establishment	3
exercise	9
thereof	5
wall	3
much!!!	1
basic	9
confusing	5
heck	1
responsabilities	1
guardian	24
inlightment	1
advocate	1
by>	1
litem	4
appointedby	1
determien	1
battle	1
governe	1
appointment	8
nephews	4
sister	14
plz	1
replyim	1
stuck!	1
minors	1
empl	1
dragging	1
feet	1
past-employer	1
story	4
slowly	1
confidentiality	2
paymentthere	1
timeline	1
despite	3
mouthing	1
repaired	1
considerably	6
checked	1
ripped	1
threat	1
shop	5
closely	1
counterclaim	5
tings	1
warsaw	1
abilities	1
category	1
falls	2
justia	4
httpwwwmyindianadefenselawyercomcriminal-charges	1
boat	6
suggested	2
wrote	4
transaction	3
snyderman	1
messages	9
slightly	1
satisfy	1
frauds	3
exception	5
partially	1
exact	2
admissible	3
contradict	1
mechanical	2
fixtures	4
chinese	4
supplier	4
cheaper	2
identical	5
switch	2
originals	2
dress	3
discussed	10
httpwwwiniplaworgconnecticut-electric-sues-pacihtml	2
telephone	6
events	1
owes	6
belize	4
belizean	2
arrived	3
caribbean	2
currently	7
risking	2
thrown	3
pictures	11
ordinarily	1
stock	3
policies	2
deposit	4
checks	5
collective	2
membership	2
certification	10
phrase	7
combination	6
certifies	4
exercises	4
met	6
harm	7
httpwwwiniplaworgcgi-binmt-searchcgisearch=rodentincludeblogs=	2
copyrighted	9
investment	2
infringed	3
preserved	2
recovery	11
future	4
created	7
on-line	2
exaggerate	2
aspects	3
proof	17
cheated	1
allimony	1
adualtry	1
adultry	1
dissipating	1
alimony	4
postafterdivorce	1
maintenence	1
relations	4
nicole	7
keith	7
rephrase	3
dismiss	2
defendent	2
occupants	1
vacant	1
occupying	1
plaintiff	21
vacated	2
provisional	9
busy	2
respondent	4
expected	1
defendant	24
subpoena	11
violence	8
happens	11
forced	6
faces	1
chargewhat	1
statistically	1
subpoenaed	2
defenses	11
numerous	2
broadly	1
affirmative	2
procedural	1
factual	1
surrounding	2
shoplifted	2
forfeiture	4
valued	1
excess	1
shoplifter	2
arrive	2
exceeds	1
explains	1
irrebuttable	2
retailers	2
pecuniary	3
indemnification	1
prohibited	1
recoverable	1
retailer	3
brings	1
repeal	3
suffers	2
returned	6
retail	1
whichever	4
greater	5
violating	10
indemnified	1
insured	9
arising	9
********************	1
fun	1
stuff	4
***********************	2
offenses	3
exceed	1
suffering	7
total	1
pump	1
fuel	1
reimbursed	1
subdivisions	1
testify	8
compensate	2
activities	5
indirect	1
agents	1
pretty	4
convertedstolen	1
cent	2
lachenman	1
stice	1
ned	3
indapp	1
decent	1
fiel	1
determines	3
ex-wife	2
costa	4
rica	4
vacations	2
communicated	3
enjoying	2
plans	7
minute	2
planning	6
breaking	6
assure	2
way!	2
practically	1
concern	5
dockets	1
regualr	1
makeup	1
fiance	2
cavity	2
highest	1
concerns	4
prisons	2
jails	1
searches	2
indeed	3
examined	2
compared	2
examine	3
transferssales	2
reverse	2
transfers	3
exemptions	4
initial	16
wwwdont-sweat-the-debtcom	6
industry	2
bogus	2
suits	2
jurisdictions	4
purported	2
settlements	2
join	4
forces	2
consolidated	4
invalidity	2
shared	3
consolidation	2
discusssed	2
httpwwwiniplaworgmultiple-patent-infringement-shtml	2
beneficiary	5
changing	2
whenever	2
fit	3
plumber	1
plumbers	1
billed	1
usual	1
underwriter	1
disclosure	5
affidavits	1
premium	2
polcy	1
modest	2
auditor	1
assessor	1
suppose	3
customarily	1
negotiable	1
equivalent	1
mine	3
feeding	1
feed	1
easier	3
entirely	1
dies	8
survivors	5
relationships	2
visit	8
stage	2
alzheimers	1
posed	1
database	3
asign	4
tenn	2
dba	4
grady	2
cont	2
north	5
box	5
kendallville	2
asigian	2
susscesser	2
lots	4
httpwwwusptogovpatentsresourcestypesutilityjsp	1
lay	1
staying	3
exclusively	1
basically	6
reversed	1
changes	1
modification	9
fill	4
comprises	1
lyrics	5
fellow	1
members	2
assignments	1
incapacitation	1
expresses	1
wishes	2
incapacity	4
similarly	2
prefernece	1
claimants	1
carrier	2
shorting	1
yield	1
path	3
broad	3
sided	1
chev	1
silverado	1
replacement	1
obligated	3
replace	2
assumed	3
offering	2
bankdo	2
returning	3
promissory	1
instrument	8
indebted	1
deeding	1
fronm	1
banks	2
borrower	2
forclosing	1
collectable	2
involuntary	6
appearance	4
voluntary	3
attendance	1
jurisdictional	1
unable	7
authorizing	2
finances	1
retiring	1
capital	1
buysell	2
govern	2
by-laws	1
patenting	1
non-cus	1
schedule	8
insisting	1
fall	1
thia	1
arguing	1
lives	3
disappeared	1
veru	1
disruptive	1
disruption	1
routine	2
clarify	1
proove	1
qualifies	2
posing	1
conference	1
acta	4
�famous�	4
paragraph	14
recognized	6
designation	4
source	6
mark�s	4
possesses	4
requisite	4
degree	20
recognition	14
geographic	8
advertising	5
advertised	4
publicized	4
march	6
february	4
�dilution	8
blurring�	4
similarity	14
impairs	4
distinctiveness	8
dilution	4
blurring	4
inherent	4
engaging	7
user	4
tarnishment�	4
harms	4
interperter	1
expert	4
priviledge	1
challenging	1
genuine	7
industrious	1
viewed	2
favorabel	2
publicty	2
httpwwwiniplaworghorror-pops-lead-singer-patrichtml	2
moped	1
screen	2
lab	1
convected	1
resended	1
supended	1
resentenced	1
narrow	1
post	7
agreeement	1
amenable	1
waste	1
courtroom	1
contested	1
fought	1
realize	2
unusual	3
spousal	1
minorthe	1
cps	6
substantiation	1
forcethats	1
itbut	1
dropped	6
investigate	3
hide	2
arrangement	6
youre	13
pull	2
clark	1
childsupport	1
scott	1
justifiable	1
previously	1
blog	3
wwwtodayslawalertcom	1
modifying	3
orders	9
relocating	27
nonrelocating	17
modify	11
grandparent	11
distance	3
proposed	8
feasibility	2
preserving	2
suitable	3
pattern	5
promote	2
thwart	2
ninety	5
intends	4
brief	1
statement	20
revised	2
objection	3
sixty	2
obtains	2
disclosing	2
finds	8
identifying	1
pleadings	1
location	6
waived	4
remedial	2
facilitate	1
legitimate	8
burden	4
evidentiary	2
shifts	1
relocate	1
restrain	2
compliance	2
timely	4
relocated	1
likelihood	3
permitting	1
reviews	2
issuing	1
hospice	1
barely	2
ins	1
burial	3
interesting	2
posting	5
limits	5
furnish	3
whose	1
shelter	2
reached	3
sixteen	1
contribute	2
instituted	2
verified	5
circuit	8
superior	7
plaintiffs	3
prosecuting	5
director	7
resides	4
township	4
averments	1
allege	1
definite	1
standing	3
prosecute	5
taxed	4
recover	8
pleading	2
admissibility	4
admitted	11
furnished	1
verdict	5
aggrieved	1
appeals	2
adequate	3
provision	3
treatment	6
continuation	1
periodical	1
varying	1
apportioned	1
respective	4
valuation	1
appraisement	1
exemption	6
visitors	1
canada	1
acquisitions	1
slander	16
vandalized	1
press	3
hurt	4
libel	14
presumed	6
defamer	1
collectability	1
benifit	2
holding	1
outside	5
deductions	1
openly	1
closeddismissed	1
pain	3
mess	3
decietfullness	1
dollar	3
strangers	1
nowhere	2
near	1
collectible	2
limitation	8
prohibit	2
calling	5
s-corp	1
pick	5
personnally	1
himno	1
shareholders	4
individually	1
corporations	10
shareholder	2
wrongfully	3
substitute	1
furnishes	8
employs	2
testing	3
step-parent	1
prevailing	1
raising	2
oldest	3
handicap	1
grandchildren	5
continually	2
chose	2
possible!	1
workmans	2
comp	1
denies	3
oral	2
injuries	3
quickly	2
toward	3
double	3
concept	2
judgments	2
productions	1
piracy	4
steele	1
tens	1
defending	1
unfamiliar	1
defacto	1
terminate	3
poa	1
bother	1
xwife	1
repost	4
unclear	3
pretrial	1
appearnce	1
pre-trials	1
victim	4
defamed	3
defamatory	1
imputation	1
imputes	1
loathsome	1
disease	1
profession	2
occupation	1
vague	1
calendar	2
quarter	2
penned	1
reclaiming	1
animal	3
owing	3
agency	7
nor	7
needless	3
junk	6
remarkable	3
debtfdcpa	3
reckless	2
homocide	1
attonrey	1
usc	14
spurious	2
authentic	1
cong	4
rec	4
daily	2
oct	3
hereinafter	1
dai	1
indistinguishable	3
daii	6
assures	1
interpreted	1
case-by-case	1
h|c	1
counterfeiter	1
escaping	1
trivial	1
excluding	1
arguable	1
reminiscent	1
color	2
shape	1
packaging	1
establishes	4
prima	3
facie	3
interstate	1
maternally	1
maternity	1
typewriter	1
typewriters	1
remedies	7
deceive	2
diii	1
essence	2
leagl	2
bith	1
outcome	1
felonies	6
deviations	1
absolutely	2
looked	2
vital	1
statistics	1
sense	5
earlier-filed	3
detailed	4
block	1
cds	2
belonging	3
cashed	3
input	1
maiden	1
devorse	2
iit	1
mufflers	1
sound	5
muffler	1
obey	1
noise	2
ordinance	5
town	5
bartnicki	2
vopper	2
wikileaks	3
immunize	1
media	9
outlets	1
relieved	1
broadcasting	1
taped	2
conversation	6
teachers	2
strike	1
stipulated	1
intercept	1
electronic	3
communications	2
privacy	2
radio	4
itself	2
tape	2
insulate	1
non	9
heat	3
eventuality	2
homeapartment	1
curtail	1
noncustodial	1
position	5
irate	1
studies	2
companies!	1
summoned	2
delinquency	2
defender	4
clinic	2
numbers	1
fta	1
misdameanor	1
caught	2
adult	2
military	1
ruining	1
chances!!	1
offense!	1
arrange	1
prescribed	1
medication	2
prescription	2
so-called	2
metabolite	1
consumed	1
practitioner	1
devise	2
estae	2
aunts	2
uncle	2
tennants	2
uncles	3
aunt	7
brothers	7
represents	3
dads	2
fathers	6
disclaims	2
disclaimed	3
burt	1
padoves	1
steve	1
sersic	1
rubino	2
ruman	2
revert	1
rear	1
smartest	1
collision	1
initially	1
pursue	1
collects	1
burglary	2
expunged	2
unoccupied	1
summer	3
worried	3
link	9
httpsinsendemswordpresscomexpungement-what-you-need-to-know	1
reaches	4
constrution	2
becuause	2
hopefully	4
competitive	2
constitute	2
httpwwwiniplaworgindiana-court-exterminates-rodhtml	2
drs	1
bactermia	1
blood	2
poisioning	1
gall	1
bladder	1
sick	1
tests	2
prob	1
intestional	1
backalready	1
parapalegic	1
handicapped	1
water	2
sat	1
legs	1
balooned	1
septis	1
bobby	1
ignored!	1
consultations	6
escape	1
preferably	2
lake	8
ablet	2
bands	2
merchant	4
coke	1
lady	2
soft	1
drink	2
implied	1
merchantability	1
curious	1
georgia	1
ann	1
stream	2
manufacturerbottler	1
resourcescases	1
anti-state-nullification	1
thesis	1
resource	1
httpwwwtenthamendmentcentercomresistdc-the-federal-tax	1
httpaba-uscomother-serviceslang=en	1
stonebridge	1
advised	3
presence	4
documented	2
attacker	1
wear	2
mask	2
halloween	1
wearing	1
suspicion	1
stor	1
robbed	1
neighborhood	2
prototype	3
confidential	2
guide	2
momnitor	1
songs	1
article--is	1
fixed	3
quote	2
unfortunately	6
objective	1
criticism	1
reproduce	1
commentary	1
biggest	2
markets	2
ahve	1
bearing	2
wouldve	1
loud	1
dealer	1
tires	1
worn	1
inspected	1
wheels	1
progressively	1
filled	2
eviction	5
released	6
remain	2
entries	2
forever	2
anti-terrorism	2
foreclose	2
error	6
coram	2
nobis	2
ooops	1
url	2
httpscholarshiplawwmeducgiviewcontentcgiarticle=context=w	1
slapped	1
eye	1
socket	1
seperately	2
reduce	3
desist	5
invested	2
wwwoverhauser	1
re-evaluated	2
young	2
urban	1
boy	2
sum	2
garnished	3
paycheck	1
busboy	1
ordere	1
direction	1
backtrack	1
garnishment	11
sub-chapter	1
annual	2
kept	10
binder	1
s-corporation	1
c-corporation	1
specified	4
meetings	6
permanently	1
articles	2
bylaws	1
converted	1
computers	1
disk	1
s-corporations	2
liabilty	1
llcs	3
recordkeeping	1
stringent	2
dictate	1
maintaining	1
libelslander	1
unofficial	1
formal	2
personnel	1
corrective	1
initiated	1
damaging	2
uninvolved	1
clinical	1
gossip	1
reportedly	1
solicited	1
subordinates	1
referred	2
�dirt	1
me�	1
preliminary	4
caveat	2
divulge	1
figurematter	1
negligence	6
argue	1
defend	4
morgage	2
theoretically	2
enforcing	1
skip	1
adding	1
panel	1
seperate	1
weed	2
irrevocable	3
pro-se	1
sought	3
transferred	3
landlord	10
owner--his	1
charitable	1
remainder	3
unitrust	1
trustees	6
charity	1
remainderman	1
landlords	1
lack	3
non-laywer	1
references	1
partnerships	1
possession--i	1
ejectmentdamages	1
beneficiaries	4
perfectly	1
sickness	3
httpwwwingovlegislativeiccodetitlearchhtml	1
crimes	1
punishable	1
advisory	4
point]	1
[held	1
abeyance]	1
violate	6
jaildoc	1
treat	3
pleasentence	1
satisfactorily	1
provisions	8
behave	1
detention	3
shocked	1
washerdryer	1
acidents	1
defendingthat	1
juvenile	5
convinced	1
bail	1
[if	2
cash]	1
true]	1
convince	2
chould	1
mobile	2
unilateral	1
classification	1
treated	4
okay	1
fianc�	1
ored	1
oclock	1
hrs	2
faster	1
info	4
httpwwwingovjudiciaryselfservice	1
requlations	1
priviate	1
beleive	2
�processing	1
affects	2
buisness	1
constituitionally	1
ethnicity	1
retaliation	1
youve	4
possibilities	2
resolution	3
peform	1
mentally	1
impaired	1
mental	6
schenkvs	1
untied	1
case!	1
schenk	1
famouns	1
attonreys	1
httpsupremejustiacomuscasehtml	1
passing	1
afterwords	1
amiable	1
ado	1
bancruptcy	1
allocation	2
involve	1
crediors	1
massiah	4
affair	3
clearly	3
summarize	1
destruction	1
exculpatory	1
pressured	1
substances	1
informant	2
occasions	1
instance	1
bullied	1
repeated	1
entreaties	1
digital	1
chip	1
reused	1
disc	1
passages	1
alarmed	1
behaving	1
erratic	1
maintains	1
brady	3
suppression	1
possessed	1
destroyed	1
prevented	1
presenting	1
viable	1
driveway	1
acknowledged	1
unmarried	1
defining	1
unique	3
houses	1
stalling	2
fully	1
contest	3
advising	1
molester	2
lifetime	1
year-old	3
sake	2
danger	1
enable	1
ordinary	5
expires	3
mode	1
enumerated	1
define	2
infringe	1
description	3
submitting	1
abolished	1
prototypes	1
displayed	1
museums	1
relics	1
bygone	1
era	1
descriptive	1
bruce	2
burdick	2
beb@burdlawcom	1
wwwburdlawcom	2
swimming	1
illness	7
defintion	1
fyi	1
apprach	1
minnesota	1
mexico	7
deduct	2
lunch	3
disallow	1
magistrate	1
presense	1
inmate	4
in-custody	1
ctp	1
[community	1
transition	1
program]	1
[theres	1
code]	1
reduced	7
offenders	1
�sexually	1
violent	4
predators�	2
inmates	1
sexually	3
manslaughter	6
custom	1
guitar	1
speaker	2
cabinet	4
answered	10
remarkably	2
truly	1
grn	1
mon	1
citizenthey	1
declined	1
embassy	1
upgraded	1
httpaba-uscomcontactlang=en	3
deeds	1
liens	4
remained	1
detained	2
didn�t	1
april	3
departurereentry	1
departureentry	1
we�ve	1
can�t	1
imagine	1
waivers	1
tackle	1
relinquish	1
boys	7
haiti	1
unanswered	1
firms	3
girlfriends	1
txting	1
datean	1
june	3
mei	1
spamed	1
txt	1
aprilan	1
himi	1
stopshe	1
sentanced	1
prosercutor	1
boss	3
struggling	2
sentance	1
druggy	1
hanging	1
shoplift	1
walmart	4
endless	2
loop	1
diffrence	1
sou	1
positive	2
attitude	1
plugging	1
priorities	2
priority	7
attached	2
deeded	1
begins	1
garnish	3
attach	1
regard	3
tjhe	1
faxed	1
httpsmywebingovbmvmybmvdefaultaspxreturnurl=fbmvfmybmvfm	1
httpwwwingovbmvhtm	1
latter	1
reinstatement	1
national	3
nacba	1
useful	3
finder	1
[there	1
httpwwwlegalconsumercombankruptcybankruptcy-lawphpst=inexempt	1
taxing	1
zaher	1
fallahi	1
cpa	1
paperwork	5
dearborn	1
stressful	1
detached	1
self-represented	1
googling	1
triuble	1
man	5
kisses	1
workers�	1
covers	1
arisingout	1
cervical	1
spine	1
surgery	1
handbook	1
arisen	1
sustain	1
aggravations	1
pre-existing	1
aggravation	1
lifting	2
repetitive	2
work-related	1
wwwhubleylawcom	1
arraign	1
httpresearchlawyerscomindianacriminal-process-in-indianahtml	1
news	2
prevalent	2
technology	2
industries	2
frequently	2
portfolio	2
competitor	2
ammunition	2
fourth	3
sizzle	2
credibility	2
recognizing	2
accomplishments	2
engineers	2
creative	4
satisfaction	2
thougths	1
uscis	3
rfe	1
center	5
till	3
inquiry	4
processing	3
adjudication	2
adjudicated	2
reply	2
accurate	2
advance!!	1
exclude	1
holidays	1
weekends	1
logs	1
hurry	1
opting	1
yesthe	1
deported	1
juat	1
woundering	1
habitual	5
ind	1
[formerly	1
presumptive]	1
max	2
legalzoomcom	1
popular	1
careful	2
sites	1
httpbucksblogsnytimescomdrafting-your-own-will-online	1
overturned	1
bevfree	1
jersey	1
iam	1
forgives	1
accepts	1
owenership	1
hip	3
replaced	2
nov	1
dnr	2
woke	1
icu	1
dnrand	1
inf	1
wwwingov	1
preparing	1
wwwpadovelawcom	1
click	3
top	2
portrayals	1
impersonating	1
sean	1
connery	1
fiction	1
starring	1
sir	1
ian	1
flemming	1
british	1
educational	1
lasts	5
author	2
computer	1
randomly	1
dozen	1
yourre	1
client	4
assistant	3
pcr	2
referrals	1
yellow	1
pages	2
decisions	4
armor	2
restricions	1
marijuana	5
duringdrugs	1
babys	1
swabs	1
caseworker	1
unexpected	1
complying	4
temp	1
whet	1
finish	1
deliquent	1
cited	1
inquired	1
sanctioned	2
welfare	2
definately	1
headache	1
navigate	1
opened	1
ivd	1
non-compliant	1
reopened	1
telling	6
filling	3
spending!	1
verify	1
httpwwwinsbuscourtsgovmobidivinfohtml	1
asks	4
towns	3
codes	1
pigeon	2
fowl	2
nieces	3
stirpes	1
survived	1
sibling	2
one-fourth	1
one-sixteenth	1
one-eighth	1
constitutions	1
incorporation	1
doctrine	1
florida	8
slams	1
breaks	1
redlight	1
onto	1
pics	1
exchanges	1
safer	1
guys	1
ticket	1
negotiated	2
university	3
collections	4
typical	1
accounts	3
threatens	1
ignoring	2
*david	1
levin	1
ohio	1
west	2
focused	1
dfc	1
jennings	1
non-obviousness	3
dating	2
dosnt	1
wat	1
doctordentist	1
shift	1
drinks	2
heavily	1
loans	1
secured	1
serves	1
collateral	1
eliminating	1
discharging	1
catch	4
breathing	1
walk	1
*kevin	3
visits	5
killed	2
dirt	1
bike	1
schools	3
mandated	1
mandating	1
daycare	2
resedental	1
niebors	1
ordinances	1
zoining	1
compete	3
non-compete	1
length	1
intend	2
deemed	4
unenforcable	2
federally	2
abandonded	2
abandonment	7
discontinued	2
resume	4
inferred	2
nonuse	2
consecutive	3
bona	2
fide	2
reserve	2
generic	2
significance	2
purchaser	5
motivation	2
autism	1
monetary	2
meth	2
addict	1
solid	2
locks	1
prehaps	1
ought	1
gaurdianshipwhich	1
fraud	7
hardware	2
franchises	1
franchise	1
competing	1
sponsor	8
formed	1
httpwwwjoshilawfirmcom	1
constitutionality	1
studying	2
envelope	3
forgery	3
competent	2
aws	1
complications	1
inal	1
visitations	1
wanna	3
arrestand	1
kneecap	1
bracelet	1
roord	1
knee	1
wondering	4
suicide	2
suicidal	1
listen	1
counselor	2
doubts	1
attempted	4
detectives	1
findings	5
nursing	3
asap	1
deadlines	2
bankruptsy	1
society	1
lso	1
elderly	2
defemation	1
die	1
infirm	1
closes	1
relatives	3
intestacy	2
approximate	1
families	3
pensions	1
investments	1
furniture	1
jewlery	1
considerations	3
directive	1
durable	4
incapacitated	27
designate	2
healthcare	1
city	5
leagally	1
ken	2
wilk	2
closings	1
dogs	6
leads	3
absolute	6
childhood	2
journals	1
ages	1
documenting	1
drawings	1
suspected	1
pressing	1
closure	1
guilt	2
accusing	1
intimidating	1
convincing	1
connections	1
journal	1
falso	1
conclusion	1
aspect	1
conducted	2
interviews	2
arranged	2
examiners	2
separted	1
boyfriends	1
sworn	1
testifies	3
oath	3
[usually	1
timing	2
involve]	1
swears	1
turns	2
complexity	1
counseling	1
fiances	1
truth	7
fianc�e	1
comcast	3
acres	1
leased	1
disagreement	1
partitoned	1
mortgages	1
surrender	1
deficiency	2
hook	1
confuse	1
laporte	3
wen	2
canceledi	1
therethis	1
resumed	1
supervisor	1
declinedi	1
upset	1
stormed	1
policethey	1
stranded	1
unauthorizly	1
truei	1
blessed	1
rich	2
kris	1
kantar	1
providers	2
mammograms	1
breast	7
screening	8
mammography	9
thirty-five	1
forty	4
baseline	1
views	1
evaluation	1
ultrasound	1
physician	3
treating	1
reimbursement	1
medicare	1
index	1
deductibles	2
coinsurance	2
favorable	1
x-rays	1
laboratory	1
wellness	1
examinations	1
subsections	1
benificiary	1
revocable	2
grantor	2
grantors	1
converts	1
declaration	1
distributed	3
periodic	1
stuctures	1
devisee	1
distributee	1
testator	1
devisees	1
denton	1
arises	1
court-approved	1
willfully	2
disobeyed	1
unlike	1
litigated	1
scheme	1
meaningful	4
waiving	1
inconsistently	1
unlawful	5
joins	2
waives	1
consents	1
emancipated	1
virtue	1
excluded	1
impeachment	2
impeach	1
inconsistent	1
physicianfitcom	2
physicianfit	2
httpwwwhiringinhealthcarecomhealthcare-assessmentsphysicianfit-in	1
apartments	1
advertise	1
leases	1
reflects	1
detail-specific	1
candid	1
spaced	1
offcan	1
expect	3
preformed	1
supplies	1
rise	3
expire	3
postal	2
deliver	1
seriously	2
doubt	2
consequences	1
leans	1
trim	1
concernign	1
extradite	1
wisconsin	2
extended	3
extradited	1
twilight	3
fic	1
upload	1
cafe	1
complain	1
independent	1
authors	1
sequels	1
books	1
movies	1
generating	1
profits	1
gowhat	1
alcoholic	1
squatters	1
evidently	1
unreasonable	1
proficient	1
politely	1
fifth	1
tighter	1
prosocute	1
debtors	3
restrict	2
fdcpa	1
sees	1
relate	1
stories	1
immigrant	1
meetingi	1
couldnt	5
decitionsand	1
visaplease	1
insufficient	3
expos	1
messaging	1
profile	1
airs	1
library	1
channel	1
recognizes	1
offensive	1
objectionable	1
sensibilities	1
coercive	1
oppressive	1
departments	1
suspects	1
pee	1
cup	1
cashing	1
sending	3
crossed	2
confirmed	1
granter	3
dead	2
tod	1
benefiaries	1
registrations	5
conducting	2
httpwwwusptogov	2
httpwwwingovsosbusinesshtm	2
reputable	1
mouth	1
disposing	1
blown	1
insulation	1
burying	1
environmental	1
management	1
toll	1
porter	3
newton	2
jasper	1
portage	1
valparaiso	1
choose	3
crown	2
trafficmisdemeanor	1
villalpondo	1
russell	1
street	3
hammond	4
arguments	2
[the	1
computerized	1
docket]	1
reporters	1
daughters	3
repeatedly	1
bad-mouthing	1
slandering	1
eyes	1
threaten	1
kill	3
superiors-even	1
mayor	1
cityof	1
bodyguard	1
avail	1
continues	3
meanwhile	1
badly	1
terrible	1
speaks	1
rescued	1
tears	1
horrible	1
ashamed	1
particularly	2
hisyour	1
lawyersnicole	1
bless	3
promotion	2
reliable	2
trustworthy	2
abstract	2
publishes	2
complaints	5
promoters	4
replies	2
alexandria	2
pawn	3
jewelry	4
august	2
groceries	1
reclaim	1
jeopardize	1
pawning	1
redeem	1
stupid	1
jumps	1
river	1
stupidity	1
disturbing	1
rejections	1
novices	1
pursuit	1
accurately	2
aquired	1
secretly	1
camper	2
threw	3
belongings	1
reposses	1
fear	2
homelessness	2
beat	1
sisters	1
beatings	1
probono	1
homicide	8
neglect	6
inartful	1
barred	8
commenced	14
discovers	2
dna	2
deoxyribonucleic	2
acid	2
diligence	4
allegedly	1
thirty-one	1
molesting	1
vicarious	1
gratification	1
solicitation	1
seduction	1
incest	1
uttering	1
forged	1
maturity	1
defect	1
insufficiency	1
irregularity	1
expired	2
conceals	2
unknown	2
elected	1
bribery	1
tolling	1
dates	1
enters	2
misuse	3
funeral	3
settlor	2
escrow	1
***********************************	1
deals	1
dependent	13
places	1
endangers	1
dependents	1
abandons	1
cruelly	1
confines	1
deprives	3
delivery	4
cocaine	2
methamphetamine	2
narcotic	2
eighteen	1
fourteen	2
consists	2
cruel	1
confinement	4
sanitary	1
human	3
habitation	1
handcuffs	1
rope	1
cord	1
spiritual	1
prayer	1
receives	1
**************************************	1
fetus	3
attained	1
viability	1
kills	2
inherently	4
poses	4
killing	2
recklessly	1
supervises	1
spells	1
prices	1
sues	1
housing	1
promised	1
servic	1
rented	1
tables	1
chairs	4
tent	4
apologize	1
anyhow	1
coward	1
apologized	1
update	2
chimed	1
encounter	3
commented	1
heated	1
lie	1
falsify	1
debating	1
refinances	1
mailed	2
track	2
recipient	1
relatively	1
sothe	1
sediahas	1
entirety	1
instances	2
satisfied	3
reluctant	1
differences	1
wiser	1
restrictions	1
explore	1
felons	2
curfew	1
godly	1
lifestyle	1
christians	1
associate	1
criminals	1
laptop	1
badcan	1
purchases	1
transactions	1
undone	1
respiratory	1
therapist	1
intubate	1
discription	2
bed	1
supervisior	1
rrt	2
intubations	1
intubation	1
floors	1
inflatted	1
impacted	1
gender	1
origin	1
seem	6
categories	1
hospitals	1
internally	1
odd	2
shouldi	1
httpwwwingovjudiciaryhtm	1
sperate	1
frankly	1
guards	1
passable	1
generalized	1
newspaper	3
abouts	1
addressed	3
reader	1
heavy	1
construction	1
furnaces	3
thief	3
genderal	1
contractor	2
occupancy	2
furnace	2
builders	1
install	1
terminates	1
prefiling	1
debit	1
visamc	1
ridden	1
extracurricular	3
birthday	3
invited	1
weekly	1
$and	1
supporting	1
activity	1
dance	1
basketball	1
outrages	1
gifts	1
loose	1
examining	1
controlling	1
requirments	1
possibleffe	1
annulment	1
excuse	1
sheriff	2
firefighter	2
fund	2
carpenters	1
annuity	6
house!	1
quarterly	2
meeting!!!!	1
layed	1
foreman	1
years!	1
loophole	1
retirement	2
secondary	2
time!	1
tax-qualified	1
distributions	2
annuity-type	1
withdrawals	1
restrictive	1
permitted	3
savings	3
specify	2
saving	1
football	4
games	2
broadcaster	2
producer	2
occur	2
displaying	2
broadcast	2
broadcasters	2
contractors	2
bars	2
restaruants	2
unlicensed	2
violaters	2
httpwwwiniplaworgthe-ultimate-fighting-championhtml	2
imininet	1
cities	1
waited	1
elkhart	1
monday	1
picked	2
bleeding	1
vist	1
sad	1
facial	1
contusion	1
chidren	2
marriage-are	2
bio	3
breakdown	1
dual	1
grandson	4
senses	1
romania	2
kidnapped	1
properties	2
overseas	1
marking	1
assetts	1
namewhatever	1
canlike	1
carscommon	1
annually	1
psew	2
nbut	1
waiting	3
alomst	1
inhereted	1
anythingjeff	1
bruises	3
sunday	1
questioned	1
arms	2
wednesday	2
attonery	1
brusies	1
circumvent	1
bloggers	3
theyll	1
forget	1
sleeping	1
occasionally	1
dangerous	2
assessee	2
ex-husband	1
insists	1
atty	2
intending	1
indebtness	1
accordingly	3
intentional	1
opposed	1
locale	1
recieve	1
reopen	1
inner	2
tubing	1
behind	4
turned	2
falling	1
tube	3
teeth	2
bone	2
upcausing	1
tub	1
stiching	1
tore	1
neglegens	1
me-the	1
innertube	1
tugging	1
instincts	1
dental	1
wwwindianapersonalinjurylawyernet	1
bipolar	2
disorder	2
render	1
proven	1
medicalpsychological	1
psychologistpsychiatrist	1
criteria	3
certainty	1
manage	1
self-care	1
insanity	1
infirmity	1
drunkenness	1
excessive	1
drugs	4
undue	1
influence	2
developmental	1
minority	2
limiting	1
appointive	1
self-improvement	1
self-reliance	1
independence	1
normal	2
psychological	1
designations	1
nominated	2
attested	1
resided	1
tuition	1
intern	1
piled	1
approx	2
pmts	1
destroying	1
whitness	2
prosicutor	2
threating	2
arested	2
ignores	1
quash	1
shooting	1
opening	1
adoptions	1
ehow	1
httpwwwehowcomhowopen-adoption-records-indianahtml	1
ususally	1
electronically	2
months!	2
severely	2
backlogged	2
imporant	2
coypright	2
infringeed	1
customers	1
reputational	1
indian	1
pop	1
hot	1
pizza	2
mainly	1
refile	2
transparenting	1
demonstrating	1
interrogatories	1
gartnishee	1
servedhas	1
inheriting	1
honor	1
slandered	1
consulting	1
writ	1
replevin	1
chattel	1
laceny	1
wageswhat	1
larceny	1
useing	1
thier	3
factoring	1
unavailable	1
anti-slapp	1
finite	1
arraignment	2
hearings	1
speedy	2
citizens	1
encroaching	1
declines	1
intervention	1
declaratory	1
describing	1
interfering	1
removal	1
avoiding	1
institute	1
kokomo	1
howard	1
employers	4
smoke	2
bein	1
cigarett	1
ordiances	1
httpsenwikipediaorgwikimassiahvunitedstates	1
libelous	1
hacker	1
stalker	1
life!	1
whois	1
guard	1
panama	1
jane	1
subpoenas	2
addresses	1
posters	1
phaternity	2
affidavid	1
dissolve	1
counceling	1
jamaican	1
wwwuscisgov	1
michael	3
montgomery	5
purdue	3
dissent	2
justice	2
boehm	1
writes	1
units	1
governed	2
purdue�s	1
�purdue�	1
tippecanoe	1
�iada�	1
�creates	1
will�	1
montgomery�s	2
adea	1
exempt	1
iada	3
affirmed	1
shepard	1
dickson	1
sullivan	1
concur	1
rucker	1
dissents	1
respectfully	1
ensnarled	1
trap	1
characterized	1
�catch-�	1
seeks	1
indiana�s	1
kimel	3
teaches	1
�employees	1
fla	1
regents	1
today�s	1
mate	1
gun	3
roommate	1
premises	1
disqualified	1
atedpa	1
cornfields	1
arears	1
hers	1
anymore	2
gap	1
xtra	1
understood	1
appealorder	1
mistameanor	1
csi	2
completion	1
bachelors	2
tools	1
titl	1
south	2
bend	1
mishawaka	1
molestation	1
resolved	1
informally	1
self-governing	1
guidelines	3
[not	1
httpwwwingovjudiciaryopinionspdfcldpdf	1
*****	2
�each	1
complies	1
place�	1
�we	1
notion	1
inaction	1
cooperate	1
order�	1
macintosh	1
ageny	1
voice-system	1
vcis	1
specifying	1
vistiation	1
blue	1
enrolling	1
uniform	1
soc	1
cch	1
socila	1
variety	1
zipp	1
mfg	1
sliding	1
scale	1
interactive	1
passive	1
billboard	1
briefest	1
snapshot	1
zippo	1
tons	2
lmgtfy	1
httpenwikipediaorgwikicopyright	1
kardonick	1
chase	3
httpwwwkardonicksettlementcom	1
constructural	1
contructive	1
ballpark	1
est	1
sherriff	1
detainning	1
voilating	1
constitional	1
easy	2
inquire	1
cooperative	1
andi	1
qdro	2
coincidentally	2
copying	2
you!	1
recomend	1
chain	1
sibs	1
disclaiming	1
probable	2
assaigned	1
inflict	1
intruder	1
justified	3
believes	3
imminent	1
retreat	2
forcible	1
whatsoever	1
protecting	1
attack	1
dwelling	1
curtilage	1
occupied	1
divirced	1
indicating	1
merchandise	1
bedrooms	1
planned	1
one-bedroom	1
bigger	1
bedroom	1
financials	1
undertake	1
co-owned	1
canceled	1
conditioned	1
payimng	1
txaes	1
separte	1
contrcat	1
fences	2
municipality	1
assigns	1
artistic	1
namely	1
filings	1
tradename	1
clearance	1
corners	1
solved	1
invest	1
role	1
wrongdoer	1
mortgaged	3
reaffirmation	3
dischargability	1
conviced	1
conspiracy	1
curresntly	1
co-defendants	2
quantity	1
nore	1
incarcerated	2
usd	1
hunter	1
underage	1
precedents	1
subsequent	1
**************************	1
asistants	1
supervising	2
radiography	1
diagnosie	1
prescribe	1
directluy	1
addiction	1
coach	1
organization	1
practise	2
illinoisshe	1
marriedcan	1
officially	1
diabetic	1
size	1
accomodation	1
americans	1
disabilities	1
sediaand	1
invoice	1
package	1
turnkey	1
diary	1
grandmothers	1
attic	1
claimant	1
heir	3
ownin	1
failor	1
gary	1
hohman	1
ave	1
jpmorgan	1
disagreements	1
shops	1
aftermarket	2
congress	1
act�that	1
additioally	1
manufacturers	1
oem	1
levy	2
assests	1
software	1
web-searchable	1
httpwwwcopyrightgovrecords	1
smells	1
escorts	1
canine	1
husand	1
justification	2
forcing	1
processes	1
non-publication	1
withdraw	1
curse	1
neck	1
choke	1
cursing	1
smart	1
altercation	1
turning	1
recalled	1
httpstatelawsfindlawcomindiana-lawindiana-legal-ages-lawshtml	1
misc	1
indianaabuse	1
practicing	1
fiduciary	1
laywer	1
converting	1
convert	1
grandchildrenplease	1
visitaion	1
likes	1
wrongdoers	1
depositions	1
unseal	1
abc	3
distinguishable	1
organized	2
abcllc	1
dissolved	2
volutarily	1
administratively	1
grabs	1
secretary	3
tries	1
suspect	1
bargain	1
aquittal	1
examples	1
unheard	1
medtronic	1
prisonmy	1
theses	1
hello!	1
engage	1
penetration	1
anytime	1
bondage	1
awful	1
prediction	1
face	2
decades	1
httpwwwcriminaldefenselawyercomresourcescriminal-defensefelony-offenseindiana-felony-classhtm	1
requirment	1
farther	1
graudianship	1
forclosed	1
ssi	1
re-married	1
safest	1
artwork	1
tease	1
harads	1
csl	1
vernon	1
boundaries	1
defence	1
marty	1
kus	1
mos	2
hassles	1
wks	2
finalization	1
careless	1
stuck	3
headaches	1
faternal	1
eagles	1
infringment	1
eagle	1
foe	1
usps	1
copied	1
racial	1
directed	1
accuser	1
strategy	1
defamtion	1
defame	1
accusation	1
troubling	1
assured	1
cos	5
petitions	1
void	1
non-immigrant	1
visas	1
statues	1
basics	1
httpnormlorglawsitemindiana-penalties	1
earned	1
technical	1
definitely	2
penalize	1
reserved	1
cuts	1
non-co-workers	1
hut	1
speech	1
constitutionally	1
areas	1
sexage	1
ethnicityretaliation	1
concentrates	1
expandableextendable	1
baton	3
self-defense	1
waylive	1
extendable	1
expandable	1
slow	1
speeding	1
slammed	1
brakes	2
glass	1
lump	1
dischargable	2
evaluated	1
[indiana	2
surprise	1
excusable	1
passport	3
foolish	1
almost-expired	1
vanitythey	1
photo	1
older	1
shame	1
feels	1
officials	1
particularities	1
accrued	1
co-trustees	1
drafted	1
trusts	1
central	1
receving	1
defunct	1
c-corp	1
soley	1
imposes	1
payroll	1
garnishments	1
freed	1
incorrect	1
frozen	2
blind	1
locked	2
trespass	1
sooner	1
independently	1
thc	1
tch	1
grams	1
hac	1
vice	1
stays	1
tho	1
holiday	1
step-mom	1
stat	1
help!!!	1
specials	1
discounts	1
countys	1
las	1
vegas	1
celebrating	1
advances	1
interprets	1
torts	2
cout	1
termedwhat	1
wthird	1
concluded	1
cacdce	3
pla	5
candce	1
wvndce	1
eventhough	1
admission	1
tortous	1
statutry	1
purposely	1
abusing	1
interviewed	1
malicious	1
repress	1
lawsuite	1
retiree	1
tennessee	2
whomever	1
seniority	1
purchasers	1
enhances	1
income-producing	1
attornment	1
switches	1
allegiance	1
recuse	1
usdc	1
msj	1
billing	1
mutilate	1
urn	2
sealed	1
ashes	4
heart	1
counter	1
paint	1
separating	1
adjoining	1
lets	3
behavior	2
severing	1
salary	1
httpwwwgetoffprobationcomterminate-indiana-probation	1
intimadation	1
warrent	1
williams	1
rohm	1
haas	1
lawfirms	1
douglas	1
sprong	1
steven	1
katz	1
korein	1
tillery	1
plaza	1
louis	1
missouri	1
william	2
carr	2
east	1
avenue	2
denver	1
colorado	1
lee	1
freeman	3
malysiak	1
salzman	1
chicago	1
smith	2
kentucky	1
aressted	1
running	1
communciations	1
out-of-state	1
looks	1
perjury	1
informing	1
compelled	1
convict	1
indigent	1
[again	1
indigent]	1
tend	1
arrogant	1
theyve	1
bully	1
polens	1
quashed	2
marraiage	1
costudy	1
gaurdianship	1
infringes	1
pre-requisite	1
distributing	1
clever	1
municpality	2
grass	2
weeds	2
referee	1
searchable	1
